city_id,city,state,country,city_country,cost_of_living,rent,cost_of_living_plus_rent,groceries,restaurant_price,local_purchasing_power,quality_of_life,property_price_to_income_ratio,traffic_commute_time,climate,safety,health_care,pollution,link,country_code
1,Hamilton,,Bermuda,"Hamilton, Bermuda",161.36,102.29,133.41,167.32,147.19,88.42,,,,,,,,https://www.numbeo.com/cost-of-living/in/Hamilton-Bermuda?displayCurrency=USD,BMU
2,Zurich,,Switzerland,"Zurich, Switzerland",121.25,61.89,93.17,122.95,115.77,115.64,194.58,9.95,32.62,81.48,82.68,74.84,17.58,https://www.numbeo.com/cost-of-living/in/Zurich?displayCurrency=USD,CHE
3,Basel,,Switzerland,"Basel, Switzerland",119.82,45.46,84.64,125.54,114.14,109.13,,,,,79.89,,,https://www.numbeo.com/cost-of-living/in/Basel?displayCurrency=USD,CHE
4,Zug,,Switzerland,"Zug, Switzerland",118.68,64.27,92.94,120.79,118.36,136.38,,,,,,,,https://www.numbeo.com/cost-of-living/in/Zug?displayCurrency=USD,CHE
5,Bern,,Switzerland,"Bern, Switzerland",113.85,36.83,77.41,115.93,106.74,116.09,,,,,82.02,,,https://www.numbeo.com/cost-of-living/in/Bern?displayCurrency=USD,CHE
6,Lausanne,,Switzerland,"Lausanne, Switzerland",111.67,53.34,84.07,113.18,106.24,111.56,,,,,74.47,74.41,,https://www.numbeo.com/cost-of-living/in/Lausanne?displayCurrency=USD,CHE
7,Geneva,,Switzerland,"Geneva, Switzerland",105.0,71.06,88.94,103.09,112.03,110.69,189.27,10.11,25.53,82.61,73.47,74.59,23.62,https://www.numbeo.com/cost-of-living/in/Geneva?displayCurrency=USD,CHE
8,Honolulu,US-HI,United States,"Honolulu, HI, United States",101.81,63.28,83.58,112.58,86.98,93.82,162.93,6.78,41.19,95.33,53.95,72.53,37.22,https://www.numbeo.com/cost-of-living/in/Honolulu?displayCurrency=USD,USA
9,Beirut,,Lebanon,"Beirut, Lebanon",100.94,24.66,64.85,118.67,71.87,14.26,74.64,22.67,39.82,94.74,53.09,65.15,93.86,https://www.numbeo.com/cost-of-living/in/Beirut?displayCurrency=USD,LBN
10,Santa Barbara,US-CA,United States,"Santa Barbara, CA, United States",100.05,90.86,95.7,107.15,95.94,69.6,,,,,,,,https://www.numbeo.com/cost-of-living/in/Santa-Barbara?displayCurrency=USD,USA
11,New York,US-NY,United States,"New York, NY, United States",100.0,100.0,100.0,100.0,100.0,100.0,137.83,9.14,43.11,79.66,51.92,61.85,58.1,https://www.numbeo.com/cost-of-living/in/New-York?displayCurrency=USD,USA
12,Reykjavik,,Iceland,"Reykjavik, Iceland",95.98,44.03,71.4,93.09,97.31,81.93,184.28,7.78,19.83,68.81,77.8,67.43,15.02,https://www.numbeo.com/cost-of-living/in/Reykjavik?displayCurrency=USD,ISL
13,San Francisco,US-CA,United States,"San Francisco, CA, United States",95.96,93.23,94.67,100.08,88.79,134.03,155.05,6.35,51.55,97.26,39.77,64.16,52.22,https://www.numbeo.com/cost-of-living/in/San-Francisco?displayCurrency=USD,USA
14,Oslo,,Norway,"Oslo, Norway",93.57,40.52,68.47,87.96,96.03,78.79,163.14,12.19,31.21,59.99,65.96,77.88,23.63,https://www.numbeo.com/cost-of-living/in/Oslo?displayCurrency=USD,NOR
15,Oakland,US-CA,United States,"Oakland, CA, United States",92.13,85.27,88.88,94.15,82.12,123.79,168.93,6.09,37.69,96.4,33.2,,39.19,https://www.numbeo.com/cost-of-living/in/Oakland?displayCurrency=USD,USA
16,Stavanger,,Norway,"Stavanger, Norway",92.06,31.74,63.52,89.49,89.73,82.23,,,,,76.42,73.34,11.91,https://www.numbeo.com/cost-of-living/in/Stavanger?displayCurrency=USD,NOR
17,Nassau,,Bahamas,"Nassau, Bahamas",91.25,37.09,65.63,82.54,94.97,40.57,,,,,,,,https://www.numbeo.com/cost-of-living/in/Nassau?displayCurrency=USD,BHS
18,Berkeley,US-CA,United States,"Berkeley, CA, United States",90.46,85.73,88.22,98.33,74.61,81.71,,,,,,,,https://www.numbeo.com/cost-of-living/in/Berkeley?displayCurrency=USD,USA
19,Trondheim,,Norway,"Trondheim, Norway",89.22,32.73,62.5,83.71,93.67,96.67,,,,,80.36,82.64,,https://www.numbeo.com/cost-of-living/in/Trondheim?displayCurrency=USD,NOR
20,Anchorage,US-AK,United States,"Anchorage, AK, United States",88.52,41.43,66.24,95.34,74.16,114.97,166.42,3.52,26.63,41.61,37.18,61.17,,https://www.numbeo.com/cost-of-living/in/Anchorage?displayCurrency=USD,USA
21,Saint Helier,,Jersey,"Saint Helier, Jersey",88.4,58.33,74.18,71.05,102.71,61.62,,,,,,,,https://www.numbeo.com/cost-of-living/in/Saint-Helier?displayCurrency=USD,JEY
22,Bergen,,Norway,"Bergen, Norway",88.2,32.18,61.7,83.63,86.2,85.04,,,,,72.58,75.66,,https://www.numbeo.com/cost-of-living/in/Bergen?displayCurrency=USD,NOR
23,Seattle,US-WA,United States,"Seattle, WA, United States",88.18,64.36,76.91,90.79,82.02,146.86,189.89,4.14,42.18,91.73,48.69,74.03,29.01,https://www.numbeo.com/cost-of-living/in/Seattle?displayCurrency=USD,USA
24,Tel Aviv-Yafo,,Israel,"Tel Aviv-Yafo, Israel",85.58,50.19,68.84,74.56,91.16,71.32,147.1,20.45,36.99,93.88,73.53,74.32,47.57,https://www.numbeo.com/cost-of-living/in/Tel-Aviv-Yafo?displayCurrency=USD,ISR
25,Brooklyn,US-NY,United States,"Brooklyn, NY, United States",85.54,68.45,77.46,82.26,82.3,88.06,,,,,59.68,,,https://www.numbeo.com/cost-of-living/in/Brooklyn?displayCurrency=USD,USA
26,Washington,US-DC,United States,"Washington, DC, United States",85.39,70.26,78.23,87.15,78.34,121.24,161.7,6.89,40.49,81.62,41.07,69.62,40.06,https://www.numbeo.com/cost-of-living/in/Washington?displayCurrency=USD,USA
27,Tromso,,Norway,"Tromso, Norway",85.19,30.95,59.53,83.46,85.34,88.32,,,,,,,,https://www.numbeo.com/cost-of-living/in/Tromso?displayCurrency=USD,NOR
28,Ramat Gan,,Israel,"Ramat Gan, Israel",84.03,38.77,62.62,74.79,89.83,75.88,,,,,,,,https://www.numbeo.com/cost-of-living/in/Ramat-Gan?displayCurrency=USD,ISR
29,Rehovot,,Israel,"Rehovot, Israel",83.46,28.8,57.6,74.17,80.25,65.04,,,,,,,,https://www.numbeo.com/cost-of-living/in/Rehovot?displayCurrency=USD,ISR
30,Boston,US-MA,United States,"Boston, MA, United States",82.62,76.38,79.67,81.65,84.56,120.25,173.3,7.27,45.36,71.73,60.72,75.11,31.35,https://www.numbeo.com/cost-of-living/in/Boston?displayCurrency=USD,USA
31,Netanya,,Israel,"Netanya, Israel",82.16,29.99,57.48,66.94,97.06,65.6,,,,,,,,https://www.numbeo.com/cost-of-living/in/Netanya?displayCurrency=USD,ISR
32,Copenhagen,,Denmark,"Copenhagen, Denmark",82.02,45.55,64.77,66.08,93.94,90.85,186.97,8.72,28.43,83.74,73.1,78.3,21.23,https://www.numbeo.com/cost-of-living/in/Copenhagen?displayCurrency=USD,DNK
33,Santa Clara,US-CA,United States,"Santa Clara, CA, United States",81.7,86.93,84.18,84.41,69.34,158.12,,,,,,,,https://www.numbeo.com/cost-of-living/in/Santa-Clara-CA-United-States?displayCurrency=USD,USA
34,London,,United Kingdom,"London, United Kingdom",81.57,65.08,73.77,59.56,87.83,78.31,126.89,16.56,43.96,88.25,46.71,70.8,58.23,https://www.numbeo.com/cost-of-living/in/London?displayCurrency=USD,GBR
35,Denver,US-CO,United States,"Denver, CO, United States",81.05,54.73,68.6,79.6,76.37,127.2,165.96,3.83,36.19,56.28,55.4,69.55,43.75,https://www.numbeo.com/cost-of-living/in/Denver?displayCurrency=USD,USA
36,Singapore,,Singapore,"Singapore, Singapore",80.72,66.05,73.78,73.16,55.41,86.69,150.19,17.79,41.21,57.45,72.75,71.28,33.08,https://www.numbeo.com/cost-of-living/in/Singapore?displayCurrency=USD,SGP
37,Darwin,,Australia,"Darwin, Australia",80.47,31.18,57.15,84.28,70.53,156.67,,,,,42.05,,23.35,https://www.numbeo.com/cost-of-living/in/Darwin?displayCurrency=USD,AUS
38,Petah Tikva,,Israel,"Petah Tikva, Israel",80.4,30.37,56.73,71.19,84.25,68.02,,,,,,,,https://www.numbeo.com/cost-of-living/in/Petah-Tikva?displayCurrency=USD,ISR
39,Haifa,,Israel,"Haifa, Israel",80.26,22.46,52.92,69.13,82.35,72.85,,,,,73.03,74.27,,https://www.numbeo.com/cost-of-living/in/Haifa?displayCurrency=USD,ISR
40,San Jose,US-CA,United States,"San Jose, CA, United States",80.17,78.22,79.25,75.77,82.25,147.8,182.62,7.21,38.26,95.53,54.1,73.38,45.58,https://www.numbeo.com/cost-of-living/in/San-Jose?displayCurrency=USD,USA
41,Sydney,,Australia,"Sydney, Australia",80.14,53.22,67.41,76.4,67.3,113.85,184.27,10.33,43.37,97.07,66.23,78.57,27.22,https://www.numbeo.com/cost-of-living/in/Sydney?displayCurrency=USD,AUS
42,Arhus,,Denmark,"Arhus, Denmark",79.9,32.04,57.26,63.62,94.24,90.7,,,,,79.4,,,https://www.numbeo.com/cost-of-living/in/Arhus?displayCurrency=USD,DNK
43,Seoul,,South Korea,"Seoul, South Korea",79.71,31.73,57.01,103.15,43.63,74.62,123.85,30.87,42.09,68.39,74.53,82.8,58.77,https://www.numbeo.com/cost-of-living/in/Seoul?displayCurrency=USD,KOR
44,Tokyo,,Japan,"Tokyo, Japan",79.48,35.56,58.7,89.01,44.54,79.65,159.91,13.37,42.19,85.26,76.44,80.36,42.49,https://www.numbeo.com/cost-of-living/in/Tokyo?displayCurrency=USD,JPN
45,Luxembourg,,Luxembourg,"Luxembourg, Luxembourg",79.41,55.69,68.19,70.49,86.28,93.61,175.7,14.14,33.57,82.62,70.32,72.85,22.08,https://www.numbeo.com/cost-of-living/in/Luxembourg?displayCurrency=USD,LUX
46,Portland,US-OR,United States,"Portland, OR, United States",79.35,52.79,66.78,81.62,69.72,99.67,172.55,4.94,33.06,89.56,47.39,73.18,31.09,https://www.numbeo.com/cost-of-living/in/Portland?displayCurrency=USD,USA
47,Brisbane,,Australia,"Brisbane, Australia",78.97,37.23,59.22,76.44,73.54,111.14,193.17,5.89,39.27,98.07,64.65,82.1,23.57,https://www.numbeo.com/cost-of-living/in/Brisbane?displayCurrency=USD,AUS
48,Los Angeles,US-CA,United States,"Los Angeles, CA, United States",78.86,74.29,76.7,77.92,85.35,119.94,139.1,6.29,61.07,95.5,49.02,61.71,67.79,https://www.numbeo.com/cost-of-living/in/Los-Angeles?displayCurrency=USD,USA
49,San Diego,US-CA,United States,"San Diego, CA, United States",78.46,75.51,77.06,75.53,79.61,120.93,185.61,6.69,33.89,97.08,62.65,71.01,35.05,https://www.numbeo.com/cost-of-living/in/San-Diego?displayCurrency=USD,USA
50,Auckland,,New Zealand,"Auckland, New Zealand",78.46,41.99,61.21,74.87,72.96,73.86,160.58,12.76,37.07,99.89,53.67,73.06,29.2,https://www.numbeo.com/cost-of-living/in/Auckland?displayCurrency=USD,NZL
51,Miami,US-FL,United States,"Miami, FL, United States",78.34,73.28,75.95,76.92,81.76,88.37,151.25,5.59,43.41,85.69,47.43,63.4,39.91,https://www.numbeo.com/cost-of-living/in/Miami?displayCurrency=USD,USA
52,Sacramento,US-CA,United States,"Sacramento, CA, United States",78.24,52.5,66.06,79.58,68.43,99.34,161.87,9.25,27.2,90.64,51.4,69.01,46.06,https://www.numbeo.com/cost-of-living/in/Sacramento?displayCurrency=USD,USA
53,Nashville,US-TN,United States,"Nashville, TN, United States",77.96,60.71,69.8,77.22,68.37,100.06,164.91,3.84,38.98,83.02,53.16,63.95,35.71,https://www.numbeo.com/cost-of-living/in/Nashville?displayCurrency=USD,USA
54,Hong Kong,,Hong Kong,"Hong Kong, Hong Kong",77.85,70.34,74.3,82.82,53.85,64.92,102.11,43.26,42.85,83.64,78.3,66.19,67.35,https://www.numbeo.com/cost-of-living/in/Hong-Kong?displayCurrency=USD,HKG
55,Amsterdam,,Netherlands,"Amsterdam, Netherlands",77.59,50.32,64.69,63.17,80.51,90.12,172.54,10.89,29.77,87.45,66.84,69.35,30.43,https://www.numbeo.com/cost-of-living/in/Amsterdam?displayCurrency=USD,NLD
56,Nanaimo,,Canada,"Nanaimo, BC, Canada",77.47,37.2,58.42,81.15,66.41,90.51,,,,,50.77,68.65,,https://www.numbeo.com/cost-of-living/in/Nanaimo?displayCurrency=USD,CAN
57,Nice,,France,"Nice, France",77.42,28.78,54.41,74.89,78.76,68.92,,,,,40.77,,,https://www.numbeo.com/cost-of-living/in/Nice?displayCurrency=USD,FRA
58,Victoria,,Canada,"Victoria, Canada",77.28,45.17,62.09,80.35,76.39,97.84,186.28,10.51,29.09,92.52,61.97,69.3,14.33,https://www.numbeo.com/cost-of-living/in/Victoria?displayCurrency=USD,CAN
59,Jerusalem,,Israel,"Jerusalem, Israel",77.22,35.47,57.47,67.23,86.61,75.96,,,,,63.76,70.51,,https://www.numbeo.com/cost-of-living/in/Jerusalem?displayCurrency=USD,ISR
60,Paris,,France,"Paris, France",77.17,44.37,61.65,75.88,71.23,69.78,119.91,20.68,41.73,88.39,44.71,79.41,63.48,https://www.numbeo.com/cost-of-living/in/Paris?displayCurrency=USD,FRA
61,Chicago,US-IL,United States,"Chicago, IL, United States",77.08,58.08,68.09,74.46,73.58,122.99,148.2,3.44,41.77,66.11,33.68,64.88,50.69,https://www.numbeo.com/cost-of-living/in/Chicago?displayCurrency=USD,USA
62,Espoo,,Finland,"Espoo, Finland",77.02,31.94,55.69,70.58,85.75,85.71,,,,,,,,https://www.numbeo.com/cost-of-living/in/Espoo?displayCurrency=USD,FIN
63,Odense,,Denmark,"Odense, Denmark",76.8,27.01,53.24,61.94,87.44,89.96,,,,,,,,https://www.numbeo.com/cost-of-living/in/Odense?displayCurrency=USD,DNK
64,Melbourne,,Australia,"Melbourne, Australia",76.58,36.61,57.67,77.83,68.41,105.06,179.41,7.26,40.29,94.3,55.48,76.28,25.86,https://www.numbeo.com/cost-of-living/in/Melbourne?displayCurrency=USD,AUS
65,Asheville,US-NC,United States,"Asheville, NC, United States",76.52,54.69,66.19,86.94,65.65,81.41,,,,,,,,https://www.numbeo.com/cost-of-living/in/Asheville?displayCurrency=USD,USA
66,Minneapolis,US-MN,United States,"Minneapolis, MN, United States",75.95,55.03,66.05,76.56,70.16,117.65,169.71,3.89,36.31,49.46,44.9,78.27,26.92,https://www.numbeo.com/cost-of-living/in/Minneapolis?displayCurrency=USD,USA
67,Tampa,US-FL,United States,"Tampa, FL, United States",75.8,53.57,65.29,72.89,82.25,109.44,176.95,3.42,35.84,84.67,52.45,68.08,29.39,https://www.numbeo.com/cost-of-living/in/Tampa?displayCurrency=USD,USA
68,Adelaide,,Australia,"Adelaide, Australia",75.74,32.29,55.19,76.7,61.98,113.73,208.89,3.38,24.33,94.96,70.03,80.89,18.67,https://www.numbeo.com/cost-of-living/in/Adelaide?displayCurrency=USD,AUS
69,Leiden,,Netherlands,"Leiden, Netherlands",75.42,38.93,58.16,61.38,82.96,96.43,,,,,,,,https://www.numbeo.com/cost-of-living/in/Leiden?displayCurrency=USD,NLD
70,New Orleans,US-LA,United States,"New Orleans, LA, United States",75.39,46.4,61.68,71.5,74.81,81.34,,,,,33.01,,51.34,https://www.numbeo.com/cost-of-living/in/New-Orleans?displayCurrency=USD,USA
71,Philadelphia,US-PA,United States,"Philadelphia, PA, United States",75.3,52.13,64.34,78.01,65.13,117.13,151.78,4.14,40.07,77.98,36.73,69.84,53.49,https://www.numbeo.com/cost-of-living/in/Philadelphia?displayCurrency=USD,USA
72,Valletta,,Malta,"Valletta, Malta",75.3,32.84,55.21,64.17,84.41,30.92,,,,,,,,https://www.numbeo.com/cost-of-living/in/Valletta?displayCurrency=USD,MLT
73,Dallas,US-TX,United States,"Dallas, TX, United States",75.26,51.1,63.83,73.47,79.9,154.93,184.63,2.17,35.16,81.85,49.11,66.2,42.58,https://www.numbeo.com/cost-of-living/in/Dallas?displayCurrency=USD,USA
74,St. John's,,Canada,"St. John's, Newfoundland and Labrador, Canada",75.16,22.95,50.46,74.43,71.0,141.04,,,,,53.06,,,https://www.numbeo.com/cost-of-living/in/St-John%27s-Newfoundland-and-Labrador-Canada?displayCurrency=USD,CAN
75,Haarlem,,Netherlands,"Haarlem, Netherlands",75.11,42.39,59.63,62.35,72.02,84.78,,,,,,,,https://www.numbeo.com/cost-of-living/in/Haarlem?displayCurrency=USD,NLD
76,Aalborg,,Denmark,"Aalborg, Denmark",75.0,21.23,49.56,64.31,79.72,111.67,,,,,74.46,,,https://www.numbeo.com/cost-of-living/in/Aalborg?displayCurrency=USD,DNK
77,Omaha,US-NE,United States,"Omaha, NE, United States",74.85,29.42,53.36,71.45,78.31,102.88,,,,,54.16,,,https://www.numbeo.com/cost-of-living/in/Omaha?displayCurrency=USD,USA
78,Rotterdam,,Netherlands,"Rotterdam, Netherlands",74.8,37.91,57.35,63.19,73.76,87.17,168.67,6.78,30.03,87.89,63.84,75.47,,https://www.numbeo.com/cost-of-living/in/Rotterdam?displayCurrency=USD,NLD
79,Buffalo,US-NY,United States,"Buffalo, NY, United States",74.69,35.07,55.94,71.31,70.66,103.9,182.44,1.62,23.22,66.43,54.39,,,https://www.numbeo.com/cost-of-living/in/Buffalo?displayCurrency=USD,USA
80,Colorado Springs,US-CO,United States,"Colorado Springs, CO, United States",74.35,44.38,60.17,73.22,74.55,134.07,,,,,,,,https://www.numbeo.com/cost-of-living/in/Colorado-Springs?displayCurrency=USD,USA
81,Toronto,,Canada,"Toronto, Canada",74.29,49.43,62.53,70.33,72.61,106.69,158.69,10.46,45.0,65.35,58.66,75.94,37.61,https://www.numbeo.com/cost-of-living/in/Toronto?displayCurrency=USD,CAN
82,Perth,,Australia,"Perth, Australia",74.24,34.23,55.31,73.54,67.75,125.42,197.93,3.97,35.13,95.71,58.3,77.72,23.14,https://www.numbeo.com/cost-of-living/in/Perth?displayCurrency=USD,AUS
83,Atlanta,US-GA,United States,"Atlanta, GA, United States",73.99,49.86,62.58,72.06,67.19,117.92,161.82,3.23,41.86,89.73,37.22,69.04,44.88,https://www.numbeo.com/cost-of-living/in/Atlanta?displayCurrency=USD,USA
84,Calgary,,Canada,"Calgary, Canada",73.62,33.53,54.65,70.27,67.98,114.17,176.31,3.95,30.02,33.09,63.44,75.24,23.82,https://www.numbeo.com/cost-of-living/in/Calgary?displayCurrency=USD,CAN
85,Wellington,,New Zealand,"Wellington, New Zealand",73.59,42.48,58.87,74.77,62.61,88.38,196.13,7.36,27.74,97.68,69.67,74.96,13.01,https://www.numbeo.com/cost-of-living/in/Wellington?displayCurrency=USD,NZL
86,Vancouver,,Canada,"Vancouver, Canada",73.56,53.56,64.1,75.89,69.35,93.32,174.19,11.74,36.84,91.15,62.15,74.7,25.45,https://www.numbeo.com/cost-of-living/in/Vancouver?displayCurrency=USD,CAN
87,Lyon,,France,"Lyon, France",73.39,32.28,53.94,71.45,70.88,72.8,144.22,10.26,35.41,88.51,49.29,,52.6,https://www.numbeo.com/cost-of-living/in/Lyon?displayCurrency=USD,FRA
88,Stockholm,,Sweden,"Stockholm, Sweden",73.36,42.0,58.53,66.68,71.35,87.42,159.84,14.42,35.26,69.67,53.91,66.77,18.94,https://www.numbeo.com/cost-of-living/in/Stockholm?displayCurrency=USD,SWE
89,Baltimore,US-MD,United States,"Baltimore, MD, United States",73.31,46.67,60.71,75.66,69.86,118.74,158.98,2.16,31.55,81.24,24.65,77.3,,https://www.numbeo.com/cost-of-living/in/Baltimore?displayCurrency=USD,USA
90,Plano,US-TX,United States,"Plano, TX, United States",73.14,50.58,62.47,71.13,58.79,112.93,,,,,,,,https://www.numbeo.com/cost-of-living/in/Plano?displayCurrency=USD,USA
91,Saint Paul,US-MN,United States,"Saint Paul, MN, United States",73.12,38.79,56.88,73.54,60.53,108.6,,,,,,,,https://www.numbeo.com/cost-of-living/in/Saint-Paul?displayCurrency=USD,USA
92,Dublin,,Ireland,"Dublin, Ireland",73.1,57.22,65.59,59.11,72.09,75.9,139.17,9.89,40.38,85.89,48.28,51.48,40.92,https://www.numbeo.com/cost-of-living/in/Dublin?displayCurrency=USD,IRL
93,Phoenix,US-AZ,United States,"Phoenix, AZ, United States",73.09,45.54,60.06,70.49,71.28,114.78,149.43,4.03,32.75,53.76,47.93,67.15,56.27,https://www.numbeo.com/cost-of-living/in/Phoenix?displayCurrency=USD,USA
94,Utrecht,,Netherlands,"Utrecht, Netherlands",73.01,38.33,56.6,62.47,67.61,73.16,,,,,73.05,,29.95,https://www.numbeo.com/cost-of-living/in/Utrecht?displayCurrency=USD,NLD
95,Milan,,Italy,"Milan, Italy",72.83,40.44,57.51,61.14,77.98,51.41,118.34,17.03,36.45,88.12,54.02,72.18,67.4,https://www.numbeo.com/cost-of-living/in/Milan?displayCurrency=USD,ITA
96,Eindhoven,,Netherlands,"Eindhoven, Netherlands",72.83,33.85,54.39,60.95,69.81,94.79,192.25,6.55,25.1,85.38,74.97,73.82,22.75,https://www.numbeo.com/cost-of-living/in/Eindhoven?displayCurrency=USD,NLD
97,Munich,,Germany,"Munich, Germany",72.76,44.56,59.42,63.08,67.35,89.24,174.11,17.98,32.92,75.98,81.43,77.05,25.1,https://www.numbeo.com/cost-of-living/in/Munich?displayCurrency=USD,DEU
98,Guelph,,Canada,"Guelph, Canada",72.76,39.72,57.13,75.6,70.46,102.61,,,,,66.23,,,https://www.numbeo.com/cost-of-living/in/Guelph?displayCurrency=USD,CAN
99,Reno,US-NV,United States,"Reno, NV, United States",72.75,45.96,60.08,73.53,71.36,81.25,,,,,,,31.51,https://www.numbeo.com/cost-of-living/in/Reno?displayCurrency=USD,USA
100,Fort Lauderdale,US-FL,United States,"Fort Lauderdale, FL, United States",72.63,61.64,67.43,73.21,79.2,96.98,,,,,,68.09,,https://www.numbeo.com/cost-of-living/in/Fort-Lauderdale?displayCurrency=USD,USA
101,Edmonton,,Canada,"Edmonton, Canada",72.51,27.86,51.39,70.4,68.17,109.04,168.98,2.93,29.15,32.11,55.68,78.59,29.78,https://www.numbeo.com/cost-of-living/in/Edmonton?displayCurrency=USD,CAN
102,Hobart,,Australia,"Hobart, Australia",72.42,24.67,49.83,70.46,65.65,116.69,,,,,67.82,,13.87,https://www.numbeo.com/cost-of-living/in/Hobart?displayCurrency=USD,AUS
103,Everett,US-WA,United States,"Everett, WA, United States",72.29,49.46,61.49,73.61,77.87,90.66,,,,,,,,https://www.numbeo.com/cost-of-living/in/Everett?displayCurrency=USD,USA
104,Cleveland,US-OH,United States,"Cleveland, OH, United States",72.24,41.92,57.9,71.2,67.82,114.6,169.34,1.54,33.74,73.11,35.61,79.8,,https://www.numbeo.com/cost-of-living/in/Cleveland?displayCurrency=USD,USA
105,Helsinki,,Finland,"Helsinki, Finland",72.22,34.68,54.46,63.07,74.9,77.87,176.76,13.45,28.73,62.79,74.98,78.42,13.71,https://www.numbeo.com/cost-of-living/in/Helsinki?displayCurrency=USD,FIN
106,Hamilton,,New Zealand,"Hamilton, New Zealand",71.94,27.65,50.99,69.98,73.89,85.66,,,,,51.69,,,https://www.numbeo.com/cost-of-living/in/Hamilton-New-Zealand?displayCurrency=USD,NZL
107,Groningen,,Netherlands,"Groningen, Netherlands",71.84,24.37,49.38,61.56,69.01,65.21,,,,,78.98,,,https://www.numbeo.com/cost-of-living/in/Groningen?displayCurrency=USD,NLD
108,Markham,,Canada,"Markham, Canada",71.81,50.89,61.91,66.79,73.1,93.52,,,,,74.77,,,https://www.numbeo.com/cost-of-living/in/Markham?displayCurrency=USD,CAN
109,Halifax,,Canada,"Halifax, Canada",71.68,35.13,54.39,74.02,67.91,97.76,173.97,4.5,30.46,58.99,59.51,69.22,22.96,https://www.numbeo.com/cost-of-living/in/Halifax?displayCurrency=USD,CAN
110,Hamburg,,Germany,"Hamburg, Germany",71.65,36.61,55.07,56.43,62.5,86.3,163.4,12.46,34.69,82.75,57.17,75.27,30.65,https://www.numbeo.com/cost-of-living/in/Hamburg?displayCurrency=USD,DEU
111,Gold Coast,,Australia,"Gold Coast, Australia",71.44,42.23,57.62,67.61,64.72,97.25,,,,,54.46,86.63,25.33,https://www.numbeo.com/cost-of-living/in/Gold-Coast?displayCurrency=USD,AUS
112,Canberra,,Australia,"Canberra, Australia",71.28,40.8,56.86,74.28,70.62,142.6,225.51,3.61,23.95,82.72,77.61,82.6,13.75,https://www.numbeo.com/cost-of-living/in/Canberra?displayCurrency=USD,AUS
113,Indianapolis,US-IN,United States,"Indianapolis, IN, United States",71.25,39.23,56.1,74.33,68.44,126.14,172.67,2.02,29.54,69.92,42.77,73.25,41.78,https://www.numbeo.com/cost-of-living/in/Indianapolis?displayCurrency=USD,USA
114,Reading,,United Kingdom,"Reading, United Kingdom",71.17,37.22,55.11,57.13,93.38,94.33,,,,,,,,https://www.numbeo.com/cost-of-living/in/Reading?displayCurrency=USD,GBR
115,Guildford,,United Kingdom,"Guildford, United Kingdom",71.1,43.99,58.27,60.05,72.52,110.31,,,,,,,,https://www.numbeo.com/cost-of-living/in/Guildford?displayCurrency=USD,GBR
116,Kamloops,,Canada,"Kamloops, Canada",71.01,33.01,53.03,73.87,61.91,91.16,,,,,47.67,,,https://www.numbeo.com/cost-of-living/in/Kamloops?displayCurrency=USD,CAN
117,Spokane,US-WA,United States,"Spokane, WA, United States",71.0,39.35,56.02,65.35,72.95,90.75,162.38,9.5,23.73,67.12,44.94,,,https://www.numbeo.com/cost-of-living/in/Spokane?displayCurrency=USD,USA
118,Fresno,US-CA,United States,"Fresno, CA, United States",70.97,47.35,59.8,66.34,70.59,100.72,,,,,,,,https://www.numbeo.com/cost-of-living/in/Fresno?displayCurrency=USD,USA
119,The Hague,,Netherlands,"The Hague (Den Haag), Netherlands",70.95,33.55,53.26,58.27,79.67,99.55,200.94,6.41,25.85,90.61,76.58,79.87,19.32,https://www.numbeo.com/cost-of-living/in/The-Hague-Den-Haag-Netherlands?displayCurrency=USD,NLD
120,London,,Canada,"London, Canada",70.67,40.08,56.2,65.13,78.64,103.68,,,,,46.24,65.91,,https://www.numbeo.com/cost-of-living/in/London-Canada?displayCurrency=USD,CAN
121,Turku,,Finland,"Turku, Finland",70.64,20.84,47.08,63.8,72.34,86.94,,,,,,,,https://www.numbeo.com/cost-of-living/in/Turku?displayCurrency=USD,FIN
122,Ottawa,,Canada,"Ottawa, Canada",70.63,38.01,55.2,65.82,71.21,96.88,176.41,5.94,31.15,44.46,72.72,74.23,21.96,https://www.numbeo.com/cost-of-living/in/Ottawa?displayCurrency=USD,CAN
123,Mississauga,,Canada,"Mississauga, Canada",70.44,46.15,58.95,62.15,63.93,84.74,157.32,10.45,38.06,58.72,57.06,69.82,24.2,https://www.numbeo.com/cost-of-living/in/Mississauga?displayCurrency=USD,CAN
124,Fort Worth,US-TX,United States,"Fort Worth, TX, United States",70.36,48.27,59.91,70.66,63.53,114.75,,,,,,,,https://www.numbeo.com/cost-of-living/in/Fort-Worth?displayCurrency=USD,USA
125,Galway,,Ireland,"Galway, Ireland",70.24,37.15,54.58,60.57,64.33,67.87,,,,,70.74,48.73,,https://www.numbeo.com/cost-of-living/in/Galway?displayCurrency=USD,IRL
126,Montreal,,Canada,"Montreal, Canada",70.14,31.45,51.83,69.77,68.4,80.66,151.4,9.52,39.43,52.37,69.11,63.78,33.57,https://www.numbeo.com/cost-of-living/in/Montreal?displayCurrency=USD,CAN
127,Kitchener,,Canada,"Kitchener, Canada",70.05,36.14,54.01,69.59,70.7,93.7,,,,,60.77,66.71,,https://www.numbeo.com/cost-of-living/in/Kitchener?displayCurrency=USD,CAN
128,Columbus,US-OH,United States,"Columbus, OH, United States",70.02,36.05,53.95,66.44,69.69,130.21,192.3,5.1,24.94,71.29,56.76,73.95,25.41,https://www.numbeo.com/cost-of-living/in/Columbus?displayCurrency=USD,USA
129,Austin,US-TX,United States,"Austin, TX, United States",69.9,59.54,65.0,71.99,70.35,144.26,191.25,4.47,34.22,82.08,62.63,69.95,36.81,https://www.numbeo.com/cost-of-living/in/Austin?displayCurrency=USD,USA
130,Christchurch,,New Zealand,"Christchurch, New Zealand",69.84,30.23,51.1,69.87,62.85,91.78,,,,,58.72,,23.08,https://www.numbeo.com/cost-of-living/in/Christchurch?displayCurrency=USD,NZL
131,Cork,,Ireland,"Cork, Ireland",69.63,42.04,56.58,53.75,76.5,75.39,164.74,5.71,35.38,89.78,63.66,55.85,28.72,https://www.numbeo.com/cost-of-living/in/Cork?displayCurrency=USD,IRL
132,Surrey,,Canada,"Surrey, Canada",69.6,41.05,56.09,72.2,62.26,126.58,,,,,35.51,,,https://www.numbeo.com/cost-of-living/in/Surrey?displayCurrency=USD,CAN
133,Orlando,US-FL,United States,"Orlando, FL, United States",69.5,50.9,60.7,66.38,73.46,120.31,174.78,3.03,36.68,87.23,48.59,63.98,35.98,https://www.numbeo.com/cost-of-living/in/Orlando?displayCurrency=USD,USA
134,Innsbruck,,Austria,"Innsbruck, Austria",69.39,27.12,49.4,59.31,66.8,63.13,,,,,,,,https://www.numbeo.com/cost-of-living/in/Innsbruck?displayCurrency=USD,AUT
135,Graz,,Austria,"Graz, Austria",69.38,20.02,46.03,66.58,57.01,75.58,,,,,74.53,,,https://www.numbeo.com/cost-of-living/in/Graz?displayCurrency=USD,AUT
136,Charlotte,US-NC,United States,"Charlotte, NC, United States",69.35,53.65,61.92,65.45,66.83,135.6,193.46,2.39,34.73,84.05,54.56,73.93,28.44,https://www.numbeo.com/cost-of-living/in/Charlotte?displayCurrency=USD,USA
137,Toulouse,,France,"Toulouse, France",69.34,22.91,47.37,67.68,69.85,90.16,,,,,52.01,,,https://www.numbeo.com/cost-of-living/in/Toulouse?displayCurrency=USD,FRA
138,Bonn,,Germany,"Bonn, Germany",69.3,29.4,50.43,55.97,66.68,69.44,,,,,60.16,,,https://www.numbeo.com/cost-of-living/in/Bonn?displayCurrency=USD,DEU
139,Detroit,US-MI,United States,"Detroit, MI, United States",69.23,40.14,55.47,64.41,60.89,105.84,131.49,1.36,45.09,66.03,25.24,62.39,59.4,https://www.numbeo.com/cost-of-living/in/Detroit?displayCurrency=USD,USA
140,Las Vegas,US-NV,United States,"Las Vegas, NV, United States",69.08,40.98,55.79,62.58,68.07,111.06,149.28,3.45,27.41,57.4,45.11,55.83,52.65,https://www.numbeo.com/cost-of-living/in/Las-Vegas?displayCurrency=USD,USA
141,Enschede,,Netherlands,"Enschede, Netherlands",68.92,26.98,49.08,61.46,66.51,120.77,,,,,,,,https://www.numbeo.com/cost-of-living/in/Enschede?displayCurrency=USD,NLD
142,Frankfurt,,Germany,"Frankfurt, Germany",68.73,36.79,53.62,53.2,60.26,104.0,170.28,14.05,25.01,84.72,55.97,74.86,36.34,https://www.numbeo.com/cost-of-living/in/Frankfurt?displayCurrency=USD,DEU
143,Brighton,,United Kingdom,"Brighton, United Kingdom",68.69,48.63,59.2,55.34,72.46,70.2,,,,,63.72,,,https://www.numbeo.com/cost-of-living/in/Brighton?displayCurrency=USD,GBR
144,Grand Rapids,US-MI,United States,"Grand Rapids, MI, United States",68.66,43.89,56.94,73.07,65.0,116.5,,,,,,,,https://www.numbeo.com/cost-of-living/in/Grand-Rapids?displayCurrency=USD,USA
145,Hamilton,,Canada,"Hamilton, Canada",68.51,36.97,53.59,69.31,62.67,99.25,147.82,6.78,33.03,61.06,45.04,80.64,55.23,https://www.numbeo.com/cost-of-living/in/Hamilton?displayCurrency=USD,CAN
146,San Juan,,Puerto Rico,"San Juan, Puerto Rico",68.46,52.09,60.72,70.08,58.73,48.77,118.0,6.47,37.46,71.25,31.23,62.67,,https://www.numbeo.com/cost-of-living/in/San-Juan?displayCurrency=USD,PRI
147,Grenoble,,France,"Grenoble, France",68.38,18.56,44.81,65.27,59.46,76.39,,,,,46.33,,,https://www.numbeo.com/cost-of-living/in/Grenoble?displayCurrency=USD,FRA
148,Saskatoon,,Canada,"Saskatoon, Canada",68.31,26.12,48.35,63.18,64.5,125.61,,,,,51.12,64.53,29.89,https://www.numbeo.com/cost-of-living/in/Saskatoon?displayCurrency=USD,CAN
149,Madison,US-WI,United States,"Madison, WI, United States",68.27,43.36,56.49,69.61,67.55,108.79,188.27,3.98,24.18,51.64,66.02,77.78,20.52,https://www.numbeo.com/cost-of-living/in/Madison?displayCurrency=USD,USA
150,Maastricht,,Netherlands,"Maastricht, Netherlands",68.16,32.78,51.42,62.27,61.02,85.78,,,,,,,,https://www.numbeo.com/cost-of-living/in/Maastricht?displayCurrency=USD,NLD
151,Long Beach,US-CA,United States,"Long Beach, CA, United States",68.1,58.29,63.46,68.56,74.85,102.57,,,,,,,,https://www.numbeo.com/cost-of-living/in/Long-Beach?displayCurrency=USD,USA
152,Delft,,Netherlands,"Delft, Netherlands",68.08,27.03,48.66,61.27,52.62,105.36,,,,,,,,https://www.numbeo.com/cost-of-living/in/Delft?displayCurrency=USD,NLD
153,Brussels,,Belgium,"Brussels, Belgium",68.04,30.37,50.22,57.16,68.69,84.33,141.49,7.18,36.8,83.85,47.67,73.87,62.0,https://www.numbeo.com/cost-of-living/in/Brussels?displayCurrency=USD,BEL
154,Antwerp,,Belgium,"Antwerp, Belgium",67.96,23.68,47.01,56.07,74.6,83.66,155.87,5.49,37.8,85.42,62.93,80.53,58.37,https://www.numbeo.com/cost-of-living/in/Antwerp?displayCurrency=USD,BEL
155,Winnipeg,,Canada,"Winnipeg, Canada",67.94,26.29,48.24,69.62,59.55,80.55,135.99,5.66,31.46,24.67,41.35,68.96,36.79,https://www.numbeo.com/cost-of-living/in/Winnipeg?displayCurrency=USD,CAN
156,Kelowna,,Canada,"Kelowna, Canada",67.86,40.59,54.96,66.97,66.09,109.98,169.85,4.57,28.93,59.65,38.11,74.93,25.93,https://www.numbeo.com/cost-of-living/in/Kelowna?displayCurrency=USD,CAN
157,Darmstadt,,Germany,"Darmstadt, Germany",67.81,27.56,48.77,59.79,56.3,93.62,,,,,,,,https://www.numbeo.com/cost-of-living/in/Darmstadt?displayCurrency=USD,DEU
158,Oxford,,United Kingdom,"Oxford, United Kingdom",67.79,53.01,60.8,59.05,64.13,95.78,,,,,,,,https://www.numbeo.com/cost-of-living/in/Oxford?displayCurrency=USD,GBR
159,Limerick,,Ireland,"Limerick, Ireland",67.74,34.84,52.17,56.65,64.26,97.21,,,,,60.02,,,https://www.numbeo.com/cost-of-living/in/Limerick?displayCurrency=USD,IRL
160,Kingston,,Canada,"Kingston, Canada",67.71,35.74,52.58,65.97,64.47,96.41,,,,,65.83,,,https://www.numbeo.com/cost-of-living/in/Kingston?displayCurrency=USD,CAN
161,Sliema,,Malta,"Sliema, Malta",67.68,28.36,49.07,61.97,68.66,43.1,,,,,,,,https://www.numbeo.com/cost-of-living/in/Sliema?displayCurrency=USD,MLT
162,Albany,US-NY,United States,"Albany, NY, United States",67.67,34.76,52.1,67.04,64.74,129.66,,,,,,,,https://www.numbeo.com/cost-of-living/in/Albany?displayCurrency=USD,USA
163,Jacksonville,US-FL,United States,"Jacksonville, FL, United States",67.52,39.56,54.29,72.83,64.81,130.81,175.57,3.23,35.33,87.81,43.18,,41.74,https://www.numbeo.com/cost-of-living/in/Jacksonville?displayCurrency=USD,USA
164,Brampton,,Canada,"Brampton, Canada",67.34,34.48,51.8,66.09,55.75,142.28,,,,,44.92,,36.26,https://www.numbeo.com/cost-of-living/in/Brampton?displayCurrency=USD,CAN
165,Heidelberg,,Germany,"Heidelberg, Germany",67.3,29.66,49.49,50.5,64.93,98.86,,,,,,,,https://www.numbeo.com/cost-of-living/in/Heidelberg?displayCurrency=USD,DEU
166,Nantes,,France,"Nantes, France",67.23,23.96,46.76,66.3,63.61,80.07,,,,,34.2,,,https://www.numbeo.com/cost-of-living/in/Nantes?displayCurrency=USD,FRA
167,Manchester,,United Kingdom,"Manchester, United Kingdom",67.2,33.92,51.45,54.96,74.63,84.56,146.46,7.24,40.79,86.95,44.19,77.67,52.7,https://www.numbeo.com/cost-of-living/in/Manchester?displayCurrency=USD,GBR
168,Louisville,US-KY,United States,"Louisville, KY, United States",67.18,31.47,50.29,69.58,64.74,110.47,,,,,43.94,,,https://www.numbeo.com/cost-of-living/in/Louisville?displayCurrency=USD,USA
169,Milwaukee,US-WI,United States,"Milwaukee, WI, United States",67.09,34.52,51.68,63.89,60.32,120.63,168.37,2.88,28.54,60.96,33.36,66.8,29.63,https://www.numbeo.com/cost-of-living/in/Milwaukee?displayCurrency=USD,USA
170,Quebec City,,Canada,"Quebec City, Canada",67.08,20.25,44.92,67.85,62.13,125.72,,,,,84.86,73.07,,https://www.numbeo.com/cost-of-living/in/Quebec-City?displayCurrency=USD,CAN
171,Parma,,Italy,"Parma, Italy",67.02,18.17,43.91,53.93,67.66,60.79,,,,,,,,https://www.numbeo.com/cost-of-living/in/Parma?displayCurrency=USD,ITA
172,Lund,,Sweden,"Lund, Sweden",66.98,26.48,47.82,64.12,61.77,91.63,,,,,66.04,,,https://www.numbeo.com/cost-of-living/in/Lund?displayCurrency=USD,SWE
173,Stuttgart,,Germany,"Stuttgart, Germany",66.96,31.49,50.18,56.0,62.42,111.29,170.32,10.87,33.59,81.07,69.36,72.11,45.58,https://www.numbeo.com/cost-of-living/in/Stuttgart?displayCurrency=USD,DEU
174,Leuven,,Belgium,"Leuven, Belgium",66.85,25.65,47.36,55.89,73.46,84.7,,,,,,,,https://www.numbeo.com/cost-of-living/in/Leuven?displayCurrency=USD,BEL
175,Houston,US-TX,United States,"Houston, TX, United States",66.84,45.99,56.98,63.6,68.44,152.85,168.95,2.16,42.08,85.53,35.86,71.79,56.2,https://www.numbeo.com/cost-of-living/in/Houston?displayCurrency=USD,USA
176,Linz,,Austria,"Linz, Austria",66.74,23.09,46.09,60.59,64.23,69.81,,,,,,,,https://www.numbeo.com/cost-of-living/in/Linz?displayCurrency=USD,AUT
177,Uppsala,,Sweden,"Uppsala, Sweden",66.68,22.87,45.95,58.13,67.95,81.36,,,,,59.44,,,https://www.numbeo.com/cost-of-living/in/Uppsala?displayCurrency=USD,SWE
178,Liverpool,,United Kingdom,"Liverpool, United Kingdom",66.67,24.69,46.81,51.95,77.66,68.57,,,,,51.94,82.74,,https://www.numbeo.com/cost-of-living/in/Liverpool?displayCurrency=USD,GBR
179,Berlin,,Germany,"Berlin, Germany",66.53,36.4,52.27,55.43,53.75,95.73,161.91,11.15,34.21,83.35,57.76,69.16,38.69,https://www.numbeo.com/cost-of-living/in/Berlin?displayCurrency=USD,DEU
180,Dortmund,,Germany,"Dortmund, Germany",66.49,20.64,44.8,56.12,53.84,78.45,,,,,,,,https://www.numbeo.com/cost-of-living/in/Dortmund?displayCurrency=USD,DEU
181,Milton Keynes,,United Kingdom,"Milton Keynes, United Kingdom",66.42,36.68,52.35,56.91,63.65,92.72,,,,,,,,https://www.numbeo.com/cost-of-living/in/Milton-Keynes?displayCurrency=USD,GBR
182,Bologna,,Italy,"Bologna, Italy",66.27,24.0,46.27,56.94,67.65,53.6,136.46,11.45,32.9,88.12,53.15,79.17,57.1,https://www.numbeo.com/cost-of-living/in/Bologna?displayCurrency=USD,ITA
183,Boise,US-ID,United States,"Boise, ID, United States",66.25,45.45,56.41,63.7,62.44,76.12,,,,,64.13,,,https://www.numbeo.com/cost-of-living/in/Boise?displayCurrency=USD,USA
184,Burnaby,,Canada,"Burnaby, Canada",66.17,53.99,60.41,67.54,54.66,95.68,,,,,57.93,,,https://www.numbeo.com/cost-of-living/in/Burnaby?displayCurrency=USD,CAN
185,Genoa,,Italy,"Genoa, Italy",66.11,19.92,44.26,62.34,60.88,49.62,142.07,8.23,35.04,95.0,58.29,,,https://www.numbeo.com/cost-of-living/in/Genoa?displayCurrency=USD,ITA
186,Windsor,,Canada,"Windsor, Canada",66.11,33.21,50.55,61.59,64.36,83.77,,,,,56.51,,,https://www.numbeo.com/cost-of-living/in/Windsor?displayCurrency=USD,CAN
187,Raleigh,US-NC,United States,"Raleigh, NC, United States",65.9,45.63,56.31,67.49,64.48,130.52,201.83,4.14,32.79,83.88,65.09,75.64,21.01,https://www.numbeo.com/cost-of-living/in/Raleigh?displayCurrency=USD,USA
188,Macao,,Macao,"Macao, Macao",65.79,36.55,51.96,69.13,49.4,76.68,,,,,,,,https://www.numbeo.com/cost-of-living/in/Macao?displayCurrency=USD,MAC
189,Bergamo,,Italy,"Bergamo, Italy",65.66,26.25,47.01,56.64,64.55,57.78,,,,,,,,https://www.numbeo.com/cost-of-living/in/Bergamo?displayCurrency=USD,ITA
190,Osaka,,Japan,"Osaka, Japan",65.6,23.15,45.51,68.02,37.53,88.17,,,,,68.59,,,https://www.numbeo.com/cost-of-living/in/Osaka?displayCurrency=USD,JPN
191,New Taipei City,,Taiwan,"New Taipei City, Taiwan",65.57,16.97,42.58,85.59,25.78,47.35,,,,,,,,https://www.numbeo.com/cost-of-living/in/New-Taipei-City?displayCurrency=USD,TWN
192,Tucson,US-AZ,United States,"Tucson, AZ, United States",65.55,30.47,48.95,63.23,65.5,92.39,167.78,3.68,28.29,72.66,49.71,59.87,26.74,https://www.numbeo.com/cost-of-living/in/Tucson?displayCurrency=USD,USA
193,Vienna,,Austria,"Vienna, Austria",65.53,31.5,49.43,58.72,63.59,76.34,178.76,15.48,25.98,81.77,73.36,77.87,17.74,https://www.numbeo.com/cost-of-living/in/Vienna?displayCurrency=USD,AUT
194,Karlsruhe,,Germany,"Karlsruhe, Germany",65.51,25.49,46.58,56.4,55.08,108.45,,,,,61.91,,,https://www.numbeo.com/cost-of-living/in/Karlsruhe?displayCurrency=USD,DEU
195,Mannheim,,Germany,"Mannheim, Germany",65.43,22.53,45.14,52.32,56.6,108.13,,,,,,,,https://www.numbeo.com/cost-of-living/in/Mannheim?displayCurrency=USD,DEU
196,Oulu,,Finland,"Oulu, Finland",65.42,19.68,43.78,63.21,59.27,98.37,,,,,63.49,,,https://www.numbeo.com/cost-of-living/in/Oulu?displayCurrency=USD,FIN
197,Malmo,,Sweden,"Malmo, Sweden",65.4,22.16,44.94,57.56,67.39,97.26,,,,,43.38,70.09,13.9,https://www.numbeo.com/cost-of-living/in/Malmo?displayCurrency=USD,SWE
198,Saint Louis,US-MO,United States,"Saint Louis, MO, United States",65.37,35.13,51.06,66.13,61.69,104.76,165.52,2.34,27.23,74.75,29.76,,39.04,https://www.numbeo.com/cost-of-living/in/Saint-Louis?displayCurrency=USD,USA
199,Cincinnati,US-OH,United States,"Cincinnati, OH, United States",65.36,39.86,53.3,65.09,63.26,120.89,175.17,2.43,25.07,73.24,51.58,68.77,44.11,https://www.numbeo.com/cost-of-living/in/Cincinnati?displayCurrency=USD,USA
200,Marseille,,France,"Marseille, France",65.36,22.9,45.27,66.08,59.9,89.1,,,,,38.16,,71.47,https://www.numbeo.com/cost-of-living/in/Marseille?displayCurrency=USD,FRA
201,Oklahoma City,US-OK,United States,"Oklahoma City, OK, United States",65.34,31.01,49.1,70.47,52.14,117.9,191.03,3.25,25.0,77.61,,,,https://www.numbeo.com/cost-of-living/in/Oklahoma-City?displayCurrency=USD,USA
202,Salt Lake City,US-UT,United States,"Salt Lake City, UT, United States",65.32,46.05,56.2,60.9,72.43,118.88,160.17,5.36,35.42,66.52,66.71,70.75,62.42,https://www.numbeo.com/cost-of-living/in/Salt-Lake-City?displayCurrency=USD,USA
203,Trieste,,Italy,"Trieste, Italy",65.23,18.88,43.3,57.38,62.85,58.44,,,,,73.95,,,https://www.numbeo.com/cost-of-living/in/Trieste?displayCurrency=USD,ITA
204,Gent,,Belgium,"Gent, Belgium",65.21,25.38,46.37,55.88,68.0,72.36,,,,,74.74,78.79,,https://www.numbeo.com/cost-of-living/in/Gent?displayCurrency=USD,BEL
205,Bristol,,United Kingdom,"Bristol, United Kingdom",65.2,35.65,51.22,52.03,70.21,92.42,166.31,8.57,29.12,88.51,59.02,74.36,45.01,https://www.numbeo.com/cost-of-living/in/Bristol?displayCurrency=USD,GBR
206,Gothenburg,,Sweden,"Gothenburg, Sweden",65.08,27.61,47.35,58.72,61.01,98.62,176.94,8.72,25.76,77.49,52.1,68.58,20.57,https://www.numbeo.com/cost-of-living/in/Gothenburg?displayCurrency=USD,SWE
207,Tampere,,Finland,"Tampere, Finland",65.07,22.14,44.76,56.57,72.0,89.44,,,,,77.97,,,https://www.numbeo.com/cost-of-living/in/Tampere?displayCurrency=USD,FIN
208,Nottingham,,United Kingdom,"Nottingham, United Kingdom",65.04,28.18,47.6,58.0,62.96,81.32,,,,,48.71,,,https://www.numbeo.com/cost-of-living/in/Nottingham?displayCurrency=USD,GBR
209,Regina,,Canada,"Regina, Canada",64.99,23.61,45.42,62.73,64.02,160.22,175.45,2.2,17.2,14.28,47.24,66.91,39.86,https://www.numbeo.com/cost-of-living/in/Regina?displayCurrency=USD,CAN
210,Red Deer,,Canada,"Red Deer, Canada",64.86,20.03,43.65,62.17,55.05,88.68,,,,,38.25,,,https://www.numbeo.com/cost-of-living/in/Red-Deer?displayCurrency=USD,CAN
211,Cologne,,Germany,"Cologne, Germany",64.86,27.96,47.4,51.97,56.79,82.93,156.64,11.07,36.09,84.85,57.41,73.1,,https://www.numbeo.com/cost-of-living/in/Cologne?displayCurrency=USD,DEU
212,Florence,,Italy,"Florence, Italy",64.72,23.83,45.37,58.57,64.18,49.2,,,,,60.48,66.97,,https://www.numbeo.com/cost-of-living/in/Florence?displayCurrency=USD,ITA
213,Trento,,Italy,"Trento, Italy",64.67,22.8,44.86,56.05,62.62,64.16,,,,,,,,https://www.numbeo.com/cost-of-living/in/Trento?displayCurrency=USD,ITA
214,Glasgow,,United Kingdom,"Glasgow, United Kingdom",64.66,28.44,47.53,50.8,69.38,105.45,177.17,6.75,32.75,84.78,54.03,82.7,35.67,https://www.numbeo.com/cost-of-living/in/Glasgow?displayCurrency=USD,GBR
215,Kansas City,US-MO,United States,"Kansas City, MO, United States",64.48,43.03,54.33,57.43,74.27,115.47,178.83,2.47,26.11,75.08,42.59,75.4,32.79,https://www.numbeo.com/cost-of-living/in/Kansas-City?displayCurrency=USD,USA
216,Edinburgh,,United Kingdom,"Edinburgh, United Kingdom",64.21,33.74,49.79,51.46,70.58,92.19,184.73,7.73,28.86,84.01,69.8,80.85,28.22,https://www.numbeo.com/cost-of-living/in/Edinburgh?displayCurrency=USD,GBR
217,Plymouth,,United Kingdom,"Plymouth, United Kingdom",63.98,26.34,46.17,51.8,62.21,62.65,,,,,,,,https://www.numbeo.com/cost-of-living/in/Plymouth?displayCurrency=USD,GBR
218,Rome,,Italy,"Rome, Italy",63.95,34.41,49.97,55.87,62.05,48.1,109.99,16.86,41.43,93.7,46.9,60.34,66.34,https://www.numbeo.com/cost-of-living/in/Rome?displayCurrency=USD,ITA
219,Knoxville,US-TN,United States,"Knoxville, TN, United States",63.95,33.76,49.67,61.1,61.58,116.09,,,,,,,,https://www.numbeo.com/cost-of-living/in/Knoxville?displayCurrency=USD,USA
220,Dusseldorf,,Germany,"Dusseldorf, Germany",63.75,31.42,48.46,51.68,55.59,105.99,180.93,9.64,30.3,86.37,66.02,,,https://www.numbeo.com/cost-of-living/in/Dusseldorf?displayCurrency=USD,DEU
221,Belfast,,United Kingdom,"Belfast, United Kingdom",63.65,24.59,45.17,51.93,74.16,75.46,152.65,19.72,38.92,90.84,55.1,71.08,27.65,https://www.numbeo.com/cost-of-living/in/Belfast?displayCurrency=USD,GBR
222,Albuquerque,US-NM,United States,"Albuquerque, NM, United States",63.59,38.28,51.62,63.38,65.08,141.17,179.86,2.44,24.97,67.06,29.33,64.29,27.09,https://www.numbeo.com/cost-of-living/in/Albuquerque?displayCurrency=USD,USA
223,Mesa,US-AZ,United States,"Mesa, AZ, United States",63.56,40.67,52.73,62.97,68.03,98.24,,,,,,,,https://www.numbeo.com/cost-of-living/in/Mesa?displayCurrency=USD,USA
224,Derby,,United Kingdom,"Derby, United Kingdom",63.46,19.36,42.6,52.53,64.45,100.73,,,,,,,,https://www.numbeo.com/cost-of-living/in/Derby?displayCurrency=USD,GBR
225,Hanover,,Germany,"Hanover, Germany",63.46,22.96,44.3,53.22,56.98,88.22,,,,,58.34,,,https://www.numbeo.com/cost-of-living/in/Hanover?displayCurrency=USD,DEU
226,Salzburg,,Austria,"Salzburg, Austria",63.43,29.19,47.23,56.63,61.47,71.15,,,,,,,,https://www.numbeo.com/cost-of-living/in/Salzburg?displayCurrency=USD,AUT
227,Lexington,US-KY,United States,"Lexington, KY, United States",62.88,33.36,48.92,64.96,66.32,82.41,,,,,,,,https://www.numbeo.com/cost-of-living/in/Lexington?displayCurrency=USD,USA
228,Verona,,Italy,"Verona, Italy",62.65,18.14,41.59,56.71,60.97,62.54,,,,,,,,https://www.numbeo.com/cost-of-living/in/Verona?displayCurrency=USD,ITA
229,Augsburg,,Germany,"Augsburg, Germany",62.63,25.38,45.0,46.73,59.07,75.42,,,,,,,,https://www.numbeo.com/cost-of-living/in/Augsburg?displayCurrency=USD,DEU
230,Leeds,,United Kingdom,"Leeds, United Kingdom",62.47,27.12,45.75,49.87,63.33,75.93,153.5,14.23,29.86,84.59,56.36,82.58,46.61,https://www.numbeo.com/cost-of-living/in/Leeds?displayCurrency=USD,GBR
231,Essen,,Germany,"Essen, Germany",62.3,19.31,41.96,49.72,58.93,108.62,,,,,,,,https://www.numbeo.com/cost-of-living/in/Essen?displayCurrency=USD,DEU
232,Dubai,,United Arab Emirates,"Dubai, United Arab Emirates",62.3,44.0,53.64,47.87,65.85,145.71,182.31,3.2,37.91,50.27,83.72,67.81,49.99,https://www.numbeo.com/cost-of-living/in/Dubai?displayCurrency=USD,ARE
233,Cardiff,,United Kingdom,"Cardiff, United Kingdom",62.24,26.89,45.52,51.94,69.36,81.22,,,,,62.37,,,https://www.numbeo.com/cost-of-living/in/Cardiff?displayCurrency=USD,GBR
234,Doha,,Qatar,"Doha, Qatar",62.12,51.32,57.01,53.34,57.91,98.39,155.55,7.03,30.2,36.03,86.03,73.62,59.91,https://www.numbeo.com/cost-of-living/in/Doha?displayCurrency=USD,QAT
235,San Antonio,US-TX,United States,"San Antonio, TX, United States",62.03,38.4,50.85,57.7,61.65,141.56,183.59,2.15,30.38,80.58,51.55,70.86,45.71,https://www.numbeo.com/cost-of-living/in/San-Antonio?displayCurrency=USD,USA
236,Birmingham,,United Kingdom,"Birmingham, United Kingdom",61.91,34.54,48.96,50.04,58.47,90.61,148.28,10.6,32.87,87.66,37.57,73.48,48.24,https://www.numbeo.com/cost-of-living/in/Birmingham?displayCurrency=USD,GBR
237,Aberdeen,,United Kingdom,"Aberdeen, United Kingdom",61.83,23.07,43.49,51.28,67.95,95.04,,,,,65.82,,,https://www.numbeo.com/cost-of-living/in/Aberdeen?displayCurrency=USD,GBR
238,Southampton,,United Kingdom,"Southampton, United Kingdom",61.77,30.03,46.75,49.55,60.51,90.75,,,,,,,,https://www.numbeo.com/cost-of-living/in/Southampton?displayCurrency=USD,GBR
239,Freiburg im Breisgau,,Germany,"Freiburg im Breisgau, Germany",61.68,32.52,47.88,51.63,52.18,102.41,,,,,68.98,,,https://www.numbeo.com/cost-of-living/in/Freiburg-Im-Breisgau?displayCurrency=USD,DEU
240,Tulsa,US-OK,United States,"Tulsa, OK, United States",61.63,27.87,45.66,59.01,53.07,127.57,,,,,,,,https://www.numbeo.com/cost-of-living/in/Tulsa?displayCurrency=USD,USA
241,Leipzig,,Germany,"Leipzig, Germany",61.6,22.7,43.19,50.43,52.67,79.86,,,,,58.74,,,https://www.numbeo.com/cost-of-living/in/Leipzig?displayCurrency=USD,DEU
242,Norwich,,United Kingdom,"Norwich, United Kingdom",61.54,28.12,45.73,50.54,73.4,72.51,,,,,,,,https://www.numbeo.com/cost-of-living/in/Norwich?displayCurrency=USD,GBR
243,Taipei,,Taiwan,"Taipei, Taiwan",61.54,22.74,43.18,74.24,34.06,57.87,135.18,37.63,33.88,84.38,85.11,87.16,49.29,https://www.numbeo.com/cost-of-living/in/Taipei?displayCurrency=USD,TWN
244,Bremen,,Germany,"Bremen, Germany",61.46,20.41,42.04,53.6,54.41,73.43,,,,,59.47,,,https://www.numbeo.com/cost-of-living/in/Bremen?displayCurrency=USD,DEU
245,Bournemouth,,United Kingdom,"Bournemouth, United Kingdom",61.05,32.89,47.72,45.84,71.4,77.79,,,,,,,,https://www.numbeo.com/cost-of-living/in/Bournemouth?displayCurrency=USD,GBR
246,Treviso,,Italy,"Treviso, Italy",61.0,18.93,41.1,53.21,61.84,57.06,,,,,,,,https://www.numbeo.com/cost-of-living/in/Treviso?displayCurrency=USD,ITA
247,Turin,,Italy,"Turin, Italy",60.99,18.74,41.0,55.47,55.77,61.17,128.65,8.06,29.25,85.66,48.92,66.75,70.11,https://www.numbeo.com/cost-of-living/in/Turin?displayCurrency=USD,ITA
248,Memphis,US-TN,United States,"Memphis, TN, United States",60.82,33.11,47.71,57.97,65.19,146.38,,,,,25.55,,,https://www.numbeo.com/cost-of-living/in/Memphis?displayCurrency=USD,USA
249,Limassol,,Cyprus,"Limassol, Cyprus",60.72,31.65,46.97,50.92,59.94,55.31,147.82,8.68,20.0,95.74,67.95,51.36,54.33,https://www.numbeo.com/cost-of-living/in/Limassol?displayCurrency=USD,CYP
250,Cagliari,,Italy,"Cagliari, Italy",60.71,15.88,39.51,52.16,57.4,54.47,,,,,62.61,,,https://www.numbeo.com/cost-of-living/in/Cagliari?displayCurrency=USD,ITA
251,Exeter,,United Kingdom,"Exeter, United Kingdom",60.66,29.11,45.73,48.5,64.27,93.27,,,,,,,,https://www.numbeo.com/cost-of-living/in/Exeter?displayCurrency=USD,GBR
252,Little Rock,US-AR,United States,"Little Rock, AR, United States",60.37,26.5,44.34,58.94,59.68,118.05,,,,,,,,https://www.numbeo.com/cost-of-living/in/Little-Rock?displayCurrency=USD,USA
253,Padova,,Italy,"Padova, Italy",60.27,21.46,41.91,48.53,61.79,55.08,,,,,,,,https://www.numbeo.com/cost-of-living/in/Padova?displayCurrency=USD,ITA
254,Dresden,,Germany,"Dresden, Germany",60.24,18.75,40.62,49.1,51.27,97.92,,,,,69.27,,,https://www.numbeo.com/cost-of-living/in/Dresden?displayCurrency=USD,DEU
255,Coventry,,United Kingdom,"Coventry, United Kingdom",60.06,22.64,42.36,48.37,54.89,140.62,,,,,31.32,,,https://www.numbeo.com/cost-of-living/in/Coventry?displayCurrency=USD,GBR
256,Montevideo,,Uruguay,"Montevideo, Uruguay",59.88,18.91,40.5,49.29,56.1,28.17,119.34,17.31,37.84,98.04,45.44,68.16,48.56,https://www.numbeo.com/cost-of-living/in/Montevideo?displayCurrency=USD,URY
257,Newcastle upon Tyne,,United Kingdom,"Newcastle upon Tyne, United Kingdom",59.88,25.24,43.49,48.39,64.77,90.55,,,,,61.15,,,https://www.numbeo.com/cost-of-living/in/Newcastle-Upon-Tyne?displayCurrency=USD,GBR
258,Sheffield,,United Kingdom,"Sheffield, United Kingdom",59.82,25.02,43.36,47.67,60.48,83.61,,,,,55.17,,,https://www.numbeo.com/cost-of-living/in/Sheffield?displayCurrency=USD,GBR
259,Nuremberg,,Germany,"Nuremberg, Germany",59.63,21.77,41.72,47.11,50.76,115.57,,,,,66.9,,,https://www.numbeo.com/cost-of-living/in/Nuremberg?displayCurrency=USD,DEU
260,Ramallah,,Palestine,"Ramallah, Palestine",59.56,15.4,38.67,51.33,50.19,38.71,,,,,,,,https://www.numbeo.com/cost-of-living/in/Ramallah?displayCurrency=USD,PSE
261,Bilbao,,Spain,"Bilbao, Spain",59.11,25.82,43.36,50.87,57.12,65.56,,,,,45.64,,,https://www.numbeo.com/cost-of-living/in/Bilbao?displayCurrency=USD,ESP
262,Moscow,,Russia,"Moscow, Russia",58.63,36.17,48.0,47.88,58.77,43.04,99.61,25.08,50.67,55.83,62.8,65.36,56.23,https://www.numbeo.com/cost-of-living/in/Moscow?displayCurrency=USD,RUS
263,Wichita,US-KS,United States,"Wichita, KS, United States",58.32,28.95,44.43,57.24,51.58,95.76,,,,,,,,https://www.numbeo.com/cost-of-living/in/Wichita?displayCurrency=USD,USA
264,Larnaca,,Cyprus,"Larnaca, Cyprus",58.05,21.74,40.87,47.71,56.66,49.18,,,,,,,,https://www.numbeo.com/cost-of-living/in/Larnaca?displayCurrency=USD,CYP
265,Naples,,Italy,"Naples, Italy",57.99,17.81,38.99,47.94,57.46,54.35,,,,,41.41,59.14,77.31,https://www.numbeo.com/cost-of-living/in/Naples?displayCurrency=USD,ITA
266,Barcelona,,Spain,"Barcelona, Spain",57.92,30.85,45.11,46.98,55.85,70.83,142.94,9.6,29.83,95.73,51.27,77.52,65.46,https://www.numbeo.com/cost-of-living/in/Barcelona?displayCurrency=USD,ESP
267,Stoke-on-Trent,,United Kingdom,"Stoke-on-Trent, United Kingdom",57.67,20.51,40.09,46.64,58.22,91.97,,,,,,,,https://www.numbeo.com/cost-of-living/in/Stoke-On-Trent?displayCurrency=USD,GBR
268,Dundee,,United Kingdom,"Dundee, United Kingdom",57.53,22.55,40.98,48.98,61.58,84.98,,,,,,,,https://www.numbeo.com/cost-of-living/in/Dundee?displayCurrency=USD,GBR
269,Bari,,Italy,"Bari, Italy",57.45,22.34,40.84,50.51,55.96,54.63,,,,,46.91,,,https://www.numbeo.com/cost-of-living/in/Bari?displayCurrency=USD,ITA
270,Nicosia,,Cyprus,"Nicosia, Cyprus",57.23,19.52,39.39,48.78,55.7,58.92,142.78,6.88,25.25,86.01,70.13,53.63,,https://www.numbeo.com/cost-of-living/in/Nicosia?displayCurrency=USD,CYP
271,Leicester,,United Kingdom,"Leicester, United Kingdom",56.98,25.8,42.23,46.15,61.87,103.52,,,,,,,,https://www.numbeo.com/cost-of-living/in/Leicester?displayCurrency=USD,GBR
272,Aachen,,Germany,"Aachen, Germany",56.89,18.6,38.77,46.65,50.94,118.48,,,,,,,,https://www.numbeo.com/cost-of-living/in/Aachen?displayCurrency=USD,DEU
273,Athens,,Greece,"Athens, Greece",56.61,16.65,37.71,45.27,54.86,36.61,114.08,14.1,38.1,95.18,43.68,56.71,57.01,https://www.numbeo.com/cost-of-living/in/Athens?displayCurrency=USD,GRC
274,Port of Spain,,Trinidad And Tobago,"Port of Spain, Trinidad And Tobago",56.46,16.53,37.57,48.83,66.96,38.84,,,,,23.79,48.97,,https://www.numbeo.com/cost-of-living/in/Port-Of-Spain?displayCurrency=USD,TTO
275,Abu Dhabi,,United Arab Emirates,"Abu Dhabi, United Arab Emirates",56.18,53.74,55.02,47.72,53.63,85.98,169.66,4.77,26.49,43.89,88.33,72.38,43.26,https://www.numbeo.com/cost-of-living/in/Abu-Dhabi?displayCurrency=USD,ARE
276,Madrid,,Spain,"Madrid, Spain",55.78,30.92,44.02,43.74,59.22,70.01,154.86,11.1,35.37,85.47,69.97,80.14,51.46,https://www.numbeo.com/cost-of-living/in/Madrid?displayCurrency=USD,ESP
277,Male,,Maldives,"Male, Maldives",55.77,26.88,42.1,53.67,34.3,29.23,,,,,36.11,,,https://www.numbeo.com/cost-of-living/in/Male?displayCurrency=USD,MDV
278,Saint Petersburg,,Russia,"Saint Petersburg, Russia",55.73,22.18,39.86,47.06,49.87,38.67,98.2,20.96,48.02,60.64,60.45,59.98,61.74,https://www.numbeo.com/cost-of-living/in/Saint-Petersburg?displayCurrency=USD,RUS
279,Tallinn,,Estonia,"Tallinn, Estonia",55.61,18.6,38.1,41.87,55.63,59.42,168.66,10.87,26.46,64.28,76.91,72.35,21.41,https://www.numbeo.com/cost-of-living/in/Tallinn?displayCurrency=USD,EST
280,Havana,,Cuba,"Havana, Cuba",55.18,17.3,37.26,46.68,40.63,1.45,,,,,68.8,,,https://www.numbeo.com/cost-of-living/in/Havana?displayCurrency=USD,CUB
281,Palermo,,Italy,"Palermo, Italy",54.92,14.66,35.87,46.22,48.64,58.19,,,,,54.88,,,https://www.numbeo.com/cost-of-living/in/Palermo?displayCurrency=USD,ITA
282,El Paso,US-TX,United States,"El Paso, TX, United States",54.72,21.07,38.8,51.84,46.94,114.93,,,,,67.28,,,https://www.numbeo.com/cost-of-living/in/El-Paso?displayCurrency=USD,USA
283,Manama,,Bahrain,"Manama, Bahrain",54.72,29.36,42.72,42.58,47.3,62.61,146.54,4.04,30.75,64.31,78.94,65.77,61.24,https://www.numbeo.com/cost-of-living/in/Manama?displayCurrency=USD,BHR
284,Catania,,Italy,"Catania, Italy",54.31,19.12,37.66,41.44,53.15,47.78,,,,,37.67,,,https://www.numbeo.com/cost-of-living/in/Catania?displayCurrency=USD,ITA
285,Novosibirsk,,Russia,"Novosibirsk, Russia",54.27,15.03,35.7,47.05,49.62,32.37,80.01,13.94,40.58,16.14,52.41,56.21,71.03,https://www.numbeo.com/cost-of-living/in/Novosibirsk?displayCurrency=USD,RUS
286,Thessaloniki,,Greece,"Thessaloniki, Greece",54.21,12.33,34.4,40.88,48.83,35.92,114.03,12.28,29.2,88.39,45.24,55.89,63.72,https://www.numbeo.com/cost-of-living/in/Thessaloniki?displayCurrency=USD,GRC
287,Riyadh,,Saudi Arabia,"Riyadh, Saudi Arabia",53.93,15.87,35.92,43.94,43.16,91.66,147.85,3.2,30.76,44.45,73.69,64.79,63.62,https://www.numbeo.com/cost-of-living/in/Riyadh?displayCurrency=USD,SAU
288,Ljubljana,,Slovenia,"Ljubljana, Slovenia",53.77,21.72,38.61,47.51,44.64,55.72,164.67,14.22,27.32,76.11,78.55,66.3,23.42,https://www.numbeo.com/cost-of-living/in/Ljubljana?displayCurrency=USD,SVN
289,Jeddah,,Saudi Arabia,"Jeddah (Jiddah), Saudi Arabia",53.34,11.94,33.76,44.04,36.21,78.54,143.34,3.01,30.46,66.17,70.86,58.67,68.18,https://www.numbeo.com/cost-of-living/in/Jeddah-Jiddah?displayCurrency=USD,SAU
290,Kaohsiung,,Taiwan,"Kaohsiung, Taiwan",53.14,13.01,34.15,63.24,25.37,59.29,,,,,,88.3,,https://www.numbeo.com/cost-of-living/in/Kaohsiung?displayCurrency=USD,TWN
291,Dubrovnik,,Croatia,"Dubrovnik, Croatia",52.82,13.63,34.28,39.08,54.97,37.01,,,,,,,,https://www.numbeo.com/cost-of-living/in/Dubrovnik?displayCurrency=USD,HRV
292,Kingston,,Jamaica,"Kingston, Jamaica",52.76,17.31,35.99,54.61,35.71,21.99,,,,,29.5,,72.11,https://www.numbeo.com/cost-of-living/in/Kingston-Jamaica?displayCurrency=USD,JAM
293,Kazan,,Russia,"Kazan, Russia",52.35,15.01,34.69,46.05,46.59,32.84,,,,,,,,https://www.numbeo.com/cost-of-living/in/Kazan?displayCurrency=USD,RUS
294,Riga,,Latvia,"Riga, Latvia",51.74,13.73,33.76,38.62,50.28,48.25,144.67,9.36,31.54,74.7,62.16,61.69,37.47,https://www.numbeo.com/cost-of-living/in/Riga?displayCurrency=USD,LVA
295,Palma de Mallorca,,Spain,"Palma de Mallorca, Spain",51.72,25.79,39.45,42.07,53.59,64.85,,,,,67.11,,,https://www.numbeo.com/cost-of-living/in/Palma-De-Mallorca?displayCurrency=USD,ESP
296,Muscat,,Oman,"Muscat, Oman",51.55,19.18,36.24,47.29,46.51,78.62,173.45,4.57,20.69,67.22,79.46,59.41,35.75,https://www.numbeo.com/cost-of-living/in/Muscat?displayCurrency=USD,OMN
297,Amarillo,US-TX,United States,"Amarillo, TX, United States",51.3,24.32,38.54,57.87,38.3,122.88,,,,,76.09,,,https://www.numbeo.com/cost-of-living/in/Amarillo?displayCurrency=USD,USA
298,Heraklion,,Greece,"Heraklion, Greece",51.14,12.11,32.67,42.51,41.11,32.38,,,,,,,,https://www.numbeo.com/cost-of-living/in/Heraklion?displayCurrency=USD,GRC
299,Prague,,Czech Republic,"Prague, Czech Republic",50.98,25.5,38.93,43.9,39.31,64.86,157.33,19.14,32.34,80.67,75.96,74.5,34.32,https://www.numbeo.com/cost-of-living/in/Prague?displayCurrency=USD,CZE
300,Yekaterinburg,,Russia,"Yekaterinburg, Russia",50.76,13.54,33.15,47.84,43.03,53.61,91.77,8.88,37.93,21.33,52.6,50.72,75.68,https://www.numbeo.com/cost-of-living/in/Yekaterinburg?displayCurrency=USD,RUS
301,Panama City,,Panama,"Panama City, Panama",50.49,24.33,38.11,48.2,45.67,32.44,110.09,10.77,34.61,67.84,52.8,59.94,64.12,https://www.numbeo.com/cost-of-living/in/Panama-City?displayCurrency=USD,PAN
302,Valencia,,Spain,"Valencia, Spain",50.42,21.96,36.96,43.75,51.24,65.99,170.84,7.6,29.35,93.84,74.38,81.17,43.75,https://www.numbeo.com/cost-of-living/in/Valencia?displayCurrency=USD,ESP
303,Krasnodar,,Russia,"Krasnodar, Russia",50.31,10.46,31.46,40.66,52.55,31.52,,,,,,,,https://www.numbeo.com/cost-of-living/in/Krasnodar?displayCurrency=USD,RUS
304,Shanghai,,China,"Shanghai, China",50.22,40.77,45.75,52.62,39.89,47.12,75.7,50.12,47.09,83.64,66.51,61.98,75.58,https://www.numbeo.com/cost-of-living/in/Shanghai?displayCurrency=USD,CHN
305,Seville,,Spain,"Seville (Sevilla), Spain",49.92,15.29,33.54,45.61,43.61,74.83,,,,,68.9,,,https://www.numbeo.com/cost-of-living/in/Sevilla?displayCurrency=USD,ESP
306,Beijing,,China,"Beijing, China",49.82,41.06,45.67,48.86,33.38,44.97,57.98,57.46,43.85,57.64,67.59,65.86,82.51,https://www.numbeo.com/cost-of-living/in/Beijing?displayCurrency=USD,CHN
307,Bangkok,,Thailand,"Bangkok, Thailand",49.6,25.25,38.08,49.2,23.64,25.22,78.37,31.95,46.18,58.39,58.79,76.71,76.88,https://www.numbeo.com/cost-of-living/in/Bangkok?displayCurrency=USD,THA
308,Vilnius,,Lithuania,"Vilnius, Lithuania",49.53,20.32,35.71,39.1,49.42,52.91,163.16,13.67,27.35,66.59,73.38,74.78,21.75,https://www.numbeo.com/cost-of-living/in/Vilnius?displayCurrency=USD,LTU
309,Malaga,,Spain,"Malaga, Spain",49.51,21.79,36.39,40.45,45.26,69.75,,,,,72.65,71.02,,https://www.numbeo.com/cost-of-living/in/Malaga?displayCurrency=USD,ESP
310,Bratislava,,Slovakia,"Bratislava, Slovakia",49.44,19.96,35.49,44.33,40.62,59.46,145.91,15.56,31.16,80.72,69.82,57.45,39.88,https://www.numbeo.com/cost-of-living/in/Bratislava?displayCurrency=USD,SVK
311,Makati,,Philippines,"Makati, Philippines",48.94,29.73,39.85,52.54,27.66,18.51,,,,,61.32,83.29,69.03,https://www.numbeo.com/cost-of-living/in/Makati?displayCurrency=USD,PHL
312,Amman,,Jordan,"Amman, Jordan",48.76,9.94,30.39,40.12,42.01,34.56,115.86,7.77,42.36,89.05,61.24,65.13,75.74,https://www.numbeo.com/cost-of-living/in/Amman?displayCurrency=USD,JOR
313,Zagreb,,Croatia,"Zagreb, Croatia",48.51,15.51,32.9,41.16,40.15,51.22,156.39,14.03,31.7,82.19,78.49,64.27,32.57,https://www.numbeo.com/cost-of-living/in/Zagreb?displayCurrency=USD,HRV
314,Ad Dammam,,Saudi Arabia,"Ad Dammam, Saudi Arabia",48.16,12.03,31.07,40.52,37.19,99.65,,,,,69.71,,,https://www.numbeo.com/cost-of-living/in/Ad-Dammam?displayCurrency=USD,SAU
315,Granada,,Spain,"Granada, Spain",48.08,14.23,32.07,39.46,48.12,93.36,,,,,,,,https://www.numbeo.com/cost-of-living/in/Granada?displayCurrency=USD,ESP
316,Tartu,,Estonia,"Tartu, Estonia",48.04,13.55,31.72,40.62,46.68,62.36,,,,,79.26,,,https://www.numbeo.com/cost-of-living/in/Tartu?displayCurrency=USD,EST
317,Las Palmas de Gran Canaria,,Spain,"Las Palmas de Gran Canaria, Spain",47.93,21.38,35.37,44.15,45.02,52.36,,,,,73.05,,,https://www.numbeo.com/cost-of-living/in/Las-Palmas?displayCurrency=USD,ESP
318,Phnom Penh,,Cambodia,"Phnom Penh, Cambodia",47.87,18.12,33.8,47.35,22.76,13.69,,,,,46.44,49.0,80.5,https://www.numbeo.com/cost-of-living/in/Phnom-Penh?displayCurrency=USD,KHM
319,Brno,,Czech Republic,"Brno, Czech Republic",47.73,19.63,34.43,39.88,35.62,63.92,155.73,16.44,26.08,78.17,73.75,74.99,42.77,https://www.numbeo.com/cost-of-living/in/Brno?displayCurrency=USD,CZE
320,Alicante,,Spain,"Alicante, Spain",47.62,17.55,33.39,40.24,47.59,72.55,,,,,71.63,,,https://www.numbeo.com/cost-of-living/in/Alicante?displayCurrency=USD,ESP
321,Shenzhen,,China,"Shenzhen, China",47.62,25.5,37.15,50.97,31.25,67.37,106.82,40.46,36.29,81.8,67.53,,61.41,https://www.numbeo.com/cost-of-living/in/Shenzhen?displayCurrency=USD,CHN
322,Faro,,Portugal,"Faro, Portugal",47.6,25.75,37.26,37.21,42.72,47.47,,,,,,,,https://www.numbeo.com/cost-of-living/in/Faro?displayCurrency=USD,PRT
323,Maribor,,Slovenia,"Maribor, Slovenia",47.25,13.12,31.1,41.33,37.11,67.42,,,,,,,,https://www.numbeo.com/cost-of-living/in/Maribor?displayCurrency=USD,SVN
324,Santa Cruz de Tenerife,,Spain,"Santa Cruz de Tenerife, Spain",46.95,19.4,33.92,39.53,49.2,73.02,,,,,,,,https://www.numbeo.com/cost-of-living/in/Santa-Cruz-De-Tenerife?displayCurrency=USD,ESP
325,Zaragoza,,Spain,"Zaragoza (Saragossa), Spain",46.81,16.78,32.6,41.3,42.85,83.7,,,,,,,,https://www.numbeo.com/cost-of-living/in/Zaragoza-Saragossa?displayCurrency=USD,ESP
326,Lisbon,,Portugal,"Lisbon, Portugal",46.55,28.3,37.92,36.49,43.2,45.19,149.78,19.02,35.72,98.59,70.63,72.8,36.1,https://www.numbeo.com/cost-of-living/in/Lisbon?displayCurrency=USD,PRT
327,Georgetown,,Guyana,"Georgetown, Guyana",46.53,9.63,29.07,50.1,35.85,19.99,,,,,,,,https://www.numbeo.com/cost-of-living/in/Georgetown?displayCurrency=USD,GUY
328,Porto,,Portugal,"Porto, Portugal",46.42,22.0,34.87,38.07,37.67,46.09,156.71,13.74,29.28,96.61,64.16,75.64,34.99,https://www.numbeo.com/cost-of-living/in/Porto?displayCurrency=USD,PRT
329,Nizhny Novgorod,,Russia,"Nizhny Novgorod, Russia",46.42,11.81,30.05,39.3,38.27,34.29,138.5,14.96,28.84,45.51,69.72,74.92,33.75,https://www.numbeo.com/cost-of-living/in/Nizhny-Novgorod-Russia?displayCurrency=USD,RUS
330,Addis Ababa,,Ethiopia,"Addis Ababa, Ethiopia",46.17,17.75,32.73,34.48,23.47,9.56,,,,,53.28,,80.09,https://www.numbeo.com/cost-of-living/in/Addis-Ababa?displayCurrency=USD,ETH
331,Santo Domingo,,Dominican Republic,"Santo Domingo, Dominican Republic",46.13,11.96,29.96,40.91,37.18,20.12,,,,,31.35,51.91,76.98,https://www.numbeo.com/cost-of-living/in/Santo-Domingo?displayCurrency=USD,DOM
332,Kuwait City,,Kuwait,"Kuwait City, Kuwait",46.13,28.32,37.7,33.51,41.31,62.06,108.2,15.27,32.18,20.22,69.45,59.44,68.84,https://www.numbeo.com/cost-of-living/in/Kuwait-City?displayCurrency=USD,KWT
333,Murcia,,Spain,"Murcia, Spain",46.08,15.41,31.57,38.45,45.46,66.06,,,,,,,,https://www.numbeo.com/cost-of-living/in/Murcia?displayCurrency=USD,ESP
334,Dakar,,Senegal,"Dakar, Senegal",46.03,23.14,35.2,39.37,44.61,18.62,,,,,,,,https://www.numbeo.com/cost-of-living/in/Dakar?displayCurrency=USD,SEN
335,Sharjah,,United Arab Emirates,"Sharjah, United Arab Emirates",45.99,66.9,55.89,39.52,33.72,40.37,130.18,3.87,54.74,43.35,86.34,61.16,48.32,https://www.numbeo.com/cost-of-living/in/Sharjah?displayCurrency=USD,ARE
336,Split,,Croatia,"Split, Croatia",45.92,14.45,31.03,40.15,37.4,46.72,155.92,17.58,16.7,96.26,65.78,64.68,34.63,https://www.numbeo.com/cost-of-living/in/Split?displayCurrency=USD,HRV
337,Kosice,,Slovakia,"Kosice, Slovakia",45.89,15.23,31.38,40.55,36.95,47.68,,,,,,,,https://www.numbeo.com/cost-of-living/in/Kosice?displayCurrency=USD,SVK
338,Ostrava,,Czech Republic,"Ostrava, Czech Republic",45.74,15.05,31.22,37.82,31.31,61.18,,,,,,,,https://www.numbeo.com/cost-of-living/in/Ostrava?displayCurrency=USD,CZE
339,San Jose,,Costa Rica,"San Jose, Costa Rica",45.22,18.53,32.59,43.46,39.1,36.82,114.32,10.22,64.02,99.48,44.21,62.49,50.88,https://www.numbeo.com/cost-of-living/in/San-Jose-Costa-Rica?displayCurrency=USD,CRI
340,Cascais,,Portugal,"Cascais, Portugal",45.18,32.45,39.16,34.89,42.88,41.43,,,,,,,,https://www.numbeo.com/cost-of-living/in/Cascais?displayCurrency=USD,PRT
341,San Salvador,,El Salvador,"San Salvador, El Salvador",45.07,14.59,30.65,44.24,34.88,20.46,,,,,28.84,,,https://www.numbeo.com/cost-of-living/in/San-Salvador?displayCurrency=USD,SLV
342,Sofia,,Bulgaria,"Sofia, Bulgaria",45.0,13.61,30.15,38.52,40.79,48.88,120.98,10.18,30.59,76.01,57.7,57.88,68.9,https://www.numbeo.com/cost-of-living/in/Sofia?displayCurrency=USD,BGR
343,Funchal,,Portugal,"Funchal, Portugal",44.98,22.15,34.18,34.21,33.93,50.63,,,,,84.08,,,https://www.numbeo.com/cost-of-living/in/Funchal?displayCurrency=USD,PRT
344,Rijeka,,Croatia,"Rijeka, Croatia",44.87,12.12,29.37,40.12,38.91,43.59,165.46,12.08,19.71,94.85,76.57,65.75,,https://www.numbeo.com/cost-of-living/in/Rijeka?displayCurrency=USD,HRV
345,Sao Paulo,,Brazil,"Sao Paulo, Brazil",44.58,16.3,31.2,38.52,37.06,27.95,80.19,19.47,50.44,99.04,29.54,58.49,79.54,https://www.numbeo.com/cost-of-living/in/Sao-Paulo?displayCurrency=USD,BRA
346,Santiago,,Chile,"Santiago, Chile",44.45,14.54,30.3,40.38,43.78,33.69,102.35,18.13,37.03,90.21,40.76,66.24,70.47,https://www.numbeo.com/cost-of-living/in/Santiago?displayCurrency=USD,CHL
347,Rostov-na-donu,,Russia,"Rostov-na-donu, Russia",44.21,11.79,28.87,40.65,38.32,32.39,,,,,46.89,,,https://www.numbeo.com/cost-of-living/in/Rostov-na-donu?displayCurrency=USD,RUS
348,Guatemala City,,Guatemala,"Guatemala City, Guatemala",43.75,17.06,31.12,42.22,32.11,23.36,95.74,12.97,49.81,99.89,37.54,63.33,73.14,https://www.numbeo.com/cost-of-living/in/Guatemala-City?displayCurrency=USD,GTM
349,Kaunas,,Lithuania,"Kaunas, Lithuania",43.69,12.1,28.74,35.57,41.13,62.19,166.51,8.81,23.67,68.94,62.13,75.13,26.18,https://www.numbeo.com/cost-of-living/in/Kaunas?displayCurrency=USD,LTU
350,Caracas,,Venezuela,"Caracas, Venezuela",43.67,10.86,28.15,36.73,44.12,12.08,69.26,21.5,34.06,99.93,15.94,38.38,73.95,https://www.numbeo.com/cost-of-living/in/Caracas?displayCurrency=USD,VEN
351,Braga,,Portugal,"Braga, Portugal",43.59,16.15,30.61,35.58,35.93,42.38,,,,,,,,https://www.numbeo.com/cost-of-living/in/Braga?displayCurrency=USD,PRT
352,Rio de Janeiro,,Brazil,"Rio de Janeiro, Brazil",43.23,12.23,28.57,35.36,33.3,21.42,68.82,22.95,51.43,88.22,22.17,44.68,67.86,https://www.numbeo.com/cost-of-living/in/Rio-De-Janeiro?displayCurrency=USD,BRA
353,Coimbra,,Portugal,"Coimbra, Portugal",43.14,13.98,29.35,35.62,33.98,61.7,,,,,,,,https://www.numbeo.com/cost-of-living/in/Coimbra?displayCurrency=USD,PRT
354,Harare,,Zimbabwe,"Harare, Zimbabwe",43.11,11.28,28.05,35.61,36.09,14.83,,,,,39.65,,78.83,https://www.numbeo.com/cost-of-living/in/Harare?displayCurrency=USD,ZWE
355,Brasilia,,Brazil,"Brasilia, Brazil",42.84,12.68,28.57,35.47,34.69,37.16,135.45,13.07,29.34,98.97,40.56,51.52,31.9,https://www.numbeo.com/cost-of-living/in/Brasilia?displayCurrency=USD,BRA
356,Hangzhou,,China,"Hangzhou, China",42.7,17.11,30.59,50.67,29.51,63.97,,,,,,,67.52,https://www.numbeo.com/cost-of-living/in/Hangzhou?displayCurrency=USD,CHN
357,Klaipeda,,Lithuania,"Klaipeda, Lithuania",42.7,10.51,27.47,35.33,35.24,61.65,,,,,63.65,,,https://www.numbeo.com/cost-of-living/in/Klaipeda?displayCurrency=USD,LTU
358,Quezon City,,Philippines,"Quezon City, Philippines",42.42,12.05,28.05,40.2,23.98,18.43,,,,,39.01,,82.89,https://www.numbeo.com/cost-of-living/in/Quezon-City?displayCurrency=USD,PHL
359,Aveiro,,Portugal,"Aveiro, Portugal",42.37,17.69,30.69,34.32,33.14,44.4,,,,,,,,https://www.numbeo.com/cost-of-living/in/Aveiro?displayCurrency=USD,PRT
360,Suzhou,,China,"Suzhou, China",42.14,15.75,29.66,48.8,30.99,50.89,,,,,,,,https://www.numbeo.com/cost-of-living/in/Suzhou?displayCurrency=USD,CHN
361,Johannesburg,,South Africa,"Johannesburg, South Africa",41.95,15.33,29.36,33.93,37.67,81.22,129.11,2.41,40.66,91.38,19.44,60.64,61.32,https://www.numbeo.com/cost-of-living/in/Johannesburg?displayCurrency=USD,ZAF
362,Warsaw,,Poland,"Warsaw, Poland",41.82,19.69,31.35,34.19,37.6,61.52,132.09,14.92,35.22,74.61,72.94,58.91,61.05,https://www.numbeo.com/cost-of-living/in/Warsaw?displayCurrency=USD,POL
363,Bucharest,,Romania,"Bucharest, Romania",41.8,14.04,28.67,35.45,38.58,46.46,115.2,11.66,41.11,75.61,72.14,54.81,75.29,https://www.numbeo.com/cost-of-living/in/Bucharest?displayCurrency=USD,ROU
364,Pretoria,,South Africa,"Pretoria, South Africa",41.29,14.17,28.46,33.51,32.22,75.68,131.65,2.05,45.51,95.83,18.14,66.48,55.94,https://www.numbeo.com/cost-of-living/in/Pretoria?displayCurrency=USD,ZAF
365,Budapest,,Hungary,"Budapest, Hungary",41.25,13.89,28.31,35.26,35.67,53.04,126.84,14.32,38.97,78.41,64.92,52.21,53.89,https://www.numbeo.com/cost-of-living/in/Budapest?displayCurrency=USD,HUN
366,Abidjan,,Ivory Coast,"Abidjan, Ivory Coast",41.0,16.78,29.54,35.96,26.56,7.11,,,,,,,,https://www.numbeo.com/cost-of-living/in/Abidjan?displayCurrency=USD,CIV
367,Wroclaw,,Poland,"Wroclaw, Poland",40.97,16.67,29.48,33.35,34.5,53.63,127.48,12.34,34.35,78.39,68.94,53.57,63.59,https://www.numbeo.com/cost-of-living/in/Wroclaw?displayCurrency=USD,POL
368,Phuket,,Thailand,"Phuket, Thailand",40.95,14.93,28.64,42.21,24.06,25.95,,,,,55.59,,,https://www.numbeo.com/cost-of-living/in/Phuket?displayCurrency=USD,THA
369,Ajman,,United Arab Emirates,"Ajman, United Arab Emirates",40.67,13.27,27.71,37.47,30.05,202.85,,,,,,,,https://www.numbeo.com/cost-of-living/in/Ajman?displayCurrency=USD,ARE
370,Gaborone,,Botswana,"Gaborone, Botswana",40.47,10.46,26.27,34.41,44.3,49.01,,,,,44.33,,,https://www.numbeo.com/cost-of-living/in/Gaborone?displayCurrency=USD,BWA
371,Krakow,,Poland,"Krakow (Cracow), Poland",40.44,15.98,28.87,32.42,35.39,58.38,121.1,15.12,31.21,73.86,69.42,54.27,72.79,https://www.numbeo.com/cost-of-living/in/Krakow-Cracow?displayCurrency=USD,POL
372,Durban,,South Africa,"Durban, South Africa",40.37,13.01,27.42,32.13,37.37,70.09,137.72,3.16,26.11,95.61,19.34,58.08,52.63,https://www.numbeo.com/cost-of-living/in/Durban?displayCurrency=USD,ZAF
373,Cluj-Napoca,,Romania,"Cluj-Napoca, Romania",40.29,13.69,27.71,34.87,34.78,48.75,145.54,15.2,29.11,74.35,77.84,63.92,44.17,https://www.numbeo.com/cost-of-living/in/Cluj-napoca?displayCurrency=USD,ROU
374,Tijuana,,Mexico,"Tijuana, Mexico",40.19,16.68,29.07,32.88,39.15,40.78,,,,,27.99,,,https://www.numbeo.com/cost-of-living/in/Tijuana?displayCurrency=USD,MEX
375,Florianopolis,,Brazil,"Florianopolis, Brazil",39.9,12.34,26.86,32.89,34.6,26.4,118.15,18.73,46.59,97.0,48.51,58.92,,https://www.numbeo.com/cost-of-living/in/Florianopolis?displayCurrency=USD,BRA
376,Monterrey,,Mexico,"Monterrey, Mexico",39.88,15.9,28.54,38.5,40.34,46.47,123.88,9.17,31.68,80.37,52.96,69.28,70.13,https://www.numbeo.com/cost-of-living/in/Monterrey?displayCurrency=USD,MEX
377,Cape Town,,South Africa,"Cape Town, South Africa",39.81,22.54,31.64,33.7,37.63,68.87,143.95,6.47,43.09,98.19,27.03,70.0,38.77,https://www.numbeo.com/cost-of-living/in/Cape-Town?displayCurrency=USD,ZAF
378,Lagos,,Nigeria,"Lagos, Nigeria",39.78,60.33,49.5,40.99,34.24,6.98,48.7,12.75,66.78,60.75,33.63,46.27,89.33,https://www.numbeo.com/cost-of-living/in/Lagos?displayCurrency=USD,NGA
379,Belgrade,,Serbia,"Belgrade, Serbia",39.75,14.29,27.71,30.51,36.27,35.46,108.73,20.38,36.2,84.14,62.11,53.84,65.62,https://www.numbeo.com/cost-of-living/in/Belgrade?displayCurrency=USD,SRB
380,Cancun,,Mexico,"Cancun, Mexico",39.6,14.69,27.82,38.22,40.26,35.3,,,,,45.39,,,https://www.numbeo.com/cost-of-living/in/Cancun?displayCurrency=USD,MEX
381,Gdynia,,Poland,"Gdynia, Poland",39.47,15.35,28.06,32.06,34.44,52.39,,,,,,,52.15,https://www.numbeo.com/cost-of-living/in/Gdynia?displayCurrency=USD,POL
382,Osijek,,Croatia,"Osijek, Croatia",39.42,8.5,24.79,33.44,30.68,52.67,,,,,,,,https://www.numbeo.com/cost-of-living/in/Osijek?displayCurrency=USD,HRV
383,Manila,,Philippines,"Manila, Philippines",39.4,21.47,30.92,38.28,25.32,22.54,44.99,36.82,53.59,61.23,35.35,63.36,89.86,https://www.numbeo.com/cost-of-living/in/Manila?displayCurrency=USD,PHL
384,Pattaya,,Thailand,"Pattaya, Thailand",39.37,12.83,26.81,40.89,21.98,22.28,,,,,53.55,75.08,87.97,https://www.numbeo.com/cost-of-living/in/Pattaya?displayCurrency=USD,THA
385,Chengdu,,China,"Chengdu, China",39.34,12.5,26.64,44.91,24.77,53.48,,,,,,,72.97,https://www.numbeo.com/cost-of-living/in/Chengdu?displayCurrency=USD,CHN
386,Mexico City,,Mexico,"Mexico City, Mexico",39.25,21.15,30.68,37.84,36.02,33.99,84.9,16.47,52.19,92.37,30.93,65.33,81.88,https://www.numbeo.com/cost-of-living/in/Mexico-City?displayCurrency=USD,MEX
387,Bali,,Indonesia,"Bali, Indonesia",39.16,16.62,28.5,43.14,21.87,14.85,,,,,51.64,,75.96,https://www.numbeo.com/cost-of-living/in/Bali?displayCurrency=USD,IDN
388,Katowice,,Poland,"Katowice, Poland",38.99,12.31,26.37,31.92,32.35,60.91,,,,,58.27,,,https://www.numbeo.com/cost-of-living/in/Katowice?displayCurrency=USD,POL
389,Tirana,,Albania,"Tirana, Albania",38.93,11.37,25.89,30.96,29.74,27.98,87.39,16.88,39.93,86.43,55.5,47.14,87.94,https://www.numbeo.com/cost-of-living/in/Tirana?displayCurrency=USD,ALB
390,Constanta,,Romania,"Constanta, Romania",38.91,12.04,26.2,32.62,29.96,39.19,,,,,56.65,,,https://www.numbeo.com/cost-of-living/in/Constanta?displayCurrency=USD,ROU
391,Plovdiv,,Bulgaria,"Plovdiv, Bulgaria",38.84,8.69,24.58,35.7,34.15,44.71,,,,,,,60.14,https://www.numbeo.com/cost-of-living/in/Plovdiv?displayCurrency=USD,BGR
392,Poznan,,Poland,"Poznan, Poland",38.78,14.49,27.29,31.4,32.72,54.64,127.65,13.11,31.53,77.41,69.43,51.99,64.16,https://www.numbeo.com/cost-of-living/in/Poznan?displayCurrency=USD,POL
393,Gdansk,,Poland,"Gdansk, Poland",38.66,16.14,28.01,31.12,34.74,58.98,131.74,13.98,31.32,75.51,68.33,50.3,56.7,https://www.numbeo.com/cost-of-living/in/Gdansk?displayCurrency=USD,POL
394,Guangzhou,,China,"Guangzhou, China",38.56,20.33,29.93,39.76,24.48,75.91,,,,,63.59,64.72,72.76,https://www.numbeo.com/cost-of-living/in/Guangzhou?displayCurrency=USD,CHN
395,Porto Alegre,,Brazil,"Porto Alegre, Brazil",38.44,9.49,24.75,32.35,27.61,26.24,106.56,18.44,31.61,98.74,26.79,63.3,56.43,https://www.numbeo.com/cost-of-living/in/Porto-Alegre?displayCurrency=USD,BRA
396,Kuala Lumpur,,Malaysia,"Kuala Lumpur, Malaysia",38.42,12.72,26.26,41.62,22.38,68.18,114.97,7.3,41.78,56.55,36.61,67.76,66.79,https://www.numbeo.com/cost-of-living/in/Kuala-Lumpur?displayCurrency=USD,MYS
397,Chiang Mai,,Thailand,"Chiang Mai, Thailand",38.36,10.86,25.35,44.32,16.73,32.59,127.95,14.05,25.75,75.93,76.14,83.81,76.97,https://www.numbeo.com/cost-of-living/in/Chiang-Mai?displayCurrency=USD,THA
398,Belo Horizonte,,Brazil,"Belo Horizonte, Brazil",38.34,10.03,24.95,30.56,26.41,25.03,107.47,19.09,43.23,98.5,36.56,63.61,52.05,https://www.numbeo.com/cost-of-living/in/Belo-Horizonte?displayCurrency=USD,BRA
399,Szczecin,,Poland,"Szczecin, Poland",38.26,14.19,26.88,32.04,30.95,52.97,,,,,,,,https://www.numbeo.com/cost-of-living/in/Szczecin?displayCurrency=USD,POL
400,Ho Chi Minh City,,Vietnam,"Ho Chi Minh City, Vietnam",37.98,16.48,27.81,38.82,18.71,33.52,69.93,30.5,31.58,63.44,46.27,59.84,92.41,https://www.numbeo.com/cost-of-living/in/Ho-Chi-Minh-City?displayCurrency=USD,VNM
401,Quito,,Ecuador,"Quito, Ecuador",37.93,11.1,25.24,35.58,32.68,30.17,115.05,11.84,40.87,98.97,39.47,71.76,63.57,https://www.numbeo.com/cost-of-living/in/Quito?displayCurrency=USD,ECU
402,Brasov,,Romania,"Brasov, Romania",37.86,10.95,25.13,33.41,32.38,42.74,,,,,74.42,,34.6,https://www.numbeo.com/cost-of-living/in/Brasov?displayCurrency=USD,ROU
403,Varna,,Bulgaria,"Varna, Bulgaria",37.82,9.02,24.2,33.2,33.33,46.39,134.66,9.24,29.93,85.08,62.95,62.37,61.05,https://www.numbeo.com/cost-of-living/in/Varna?displayCurrency=USD,BGR
404,Curitiba,,Brazil,"Curitiba, Brazil",37.76,9.49,24.39,31.84,28.98,35.91,140.14,11.91,32.58,99.6,37.96,66.49,31.53,https://www.numbeo.com/cost-of-living/in/Curitiba?displayCurrency=USD,BRA
405,Bursa,,Turkey,"Bursa, Turkey",37.75,5.17,22.34,26.21,40.06,22.25,144.12,13.3,33.0,93.39,71.8,78.65,44.54,https://www.numbeo.com/cost-of-living/in/Bursa?displayCurrency=USD,TUR
406,Cuenca,,Ecuador,"Cuenca, Ecuador",37.62,11.55,25.29,35.64,28.51,29.24,,,,,58.54,79.51,48.82,https://www.numbeo.com/cost-of-living/in/Cuenca?displayCurrency=USD,ECU
407,Tbilisi,,Georgia,"Tbilisi, Georgia",37.55,17.02,27.84,31.93,34.25,23.62,110.96,14.01,37.81,84.2,74.7,54.03,73.27,https://www.numbeo.com/cost-of-living/in/Tbilisi?displayCurrency=USD,GEO
408,Cebu,,Philippines,"Cebu, Philippines",37.38,13.67,26.16,40.78,21.95,16.42,,,,,48.12,,84.33,https://www.numbeo.com/cost-of-living/in/Cebu?displayCurrency=USD,PHL
409,Merida,,Mexico,"Merida, Mexico",37.35,11.88,25.3,38.78,35.28,33.37,,,,,75.04,,38.43,https://www.numbeo.com/cost-of-living/in/Merida?displayCurrency=USD,MEX
410,Debrecen,,Hungary,"Debrecen, Hungary",37.26,9.92,24.33,33.85,30.95,46.21,,,,,,58.0,,https://www.numbeo.com/cost-of-living/in/Debrecen?displayCurrency=USD,HUN
411,Jakarta,,Indonesia,"Jakarta, Indonesia",37.17,14.93,26.65,40.09,20.2,29.9,73.73,19.04,52.88,63.76,46.62,56.89,84.58,https://www.numbeo.com/cost-of-living/in/Jakarta?displayCurrency=USD,IDN
412,Sarajevo,,Bosnia And Herzegovina,"Sarajevo, Bosnia And Herzegovina",36.75,8.04,23.17,31.67,24.03,51.12,123.78,10.55,29.0,78.18,55.12,58.39,67.52,https://www.numbeo.com/cost-of-living/in/Sarajevo?displayCurrency=USD,BIH
413,Nairobi,,Kenya,"Nairobi, Kenya",36.72,11.9,24.98,34.75,29.54,28.82,85.55,20.24,55.42,99.79,41.13,62.15,79.57,https://www.numbeo.com/cost-of-living/in/Nairobi?displayCurrency=USD,KEN
414,Szeged,,Hungary,"Szeged, Hungary",36.72,8.83,23.53,34.79,28.85,47.81,,,,,,,,https://www.numbeo.com/cost-of-living/in/Szeged?displayCurrency=USD,HUN
415,Timisoara,,Romania,"Timisoara, Romania",36.69,10.34,24.23,31.61,32.11,52.34,151.29,10.43,24.69,82.05,76.71,71.36,56.18,https://www.numbeo.com/cost-of-living/in/Timisoara?displayCurrency=USD,ROU
416,Guadalajara,,Mexico,"Guadalajara, Mexico",36.57,15.15,26.44,38.23,30.24,44.61,127.81,6.65,40.81,92.83,37.97,80.15,61.97,https://www.numbeo.com/cost-of-living/in/Guadalajara?displayCurrency=USD,MEX
417,Yerevan,,Armenia,"Yerevan, Armenia",36.46,18.41,27.92,31.69,30.63,25.52,118.37,17.33,31.47,63.42,78.34,57.02,57.38,https://www.numbeo.com/cost-of-living/in/Yerevan?displayCurrency=USD,ARM
418,Guayaquil,,Ecuador,"Guayaquil, Ecuador",36.4,10.83,24.3,31.15,25.94,37.86,,,,,29.41,,68.51,https://www.numbeo.com/cost-of-living/in/Guayaquil?displayCurrency=USD,ECU
419,Iasi,,Romania,"Iasi, Romania",36.13,10.27,23.89,30.74,31.65,44.2,127.67,11.97,34.26,73.04,69.38,56.33,58.28,https://www.numbeo.com/cost-of-living/in/Iasi?displayCurrency=USD,ROU
420,Petaling Jaya,,Malaysia,"Petaling Jaya, Malaysia",36.02,10.88,24.13,39.4,22.53,61.53,,,,,47.01,,,https://www.numbeo.com/cost-of-living/in/Petaling-Jaya?displayCurrency=USD,MYS
421,La Paz,,Bolivia,"La Paz, Bolivia",36.02,9.06,23.26,32.72,23.84,34.17,,,,,,,,https://www.numbeo.com/cost-of-living/in/La-Paz?displayCurrency=USD,BOL
422,Kota Kinabalu,,Malaysia,"Kota Kinabalu, Malaysia",35.93,7.45,22.46,43.55,17.61,41.28,,,,,,,,https://www.numbeo.com/cost-of-living/in/Kota-Kinabalu?displayCurrency=USD,MYS
423,Queretaro,,Mexico,"Queretaro, Mexico",35.72,12.14,24.56,37.17,30.97,49.31,161.89,6.92,32.95,94.46,62.98,77.51,,https://www.numbeo.com/cost-of-living/in/Queretaro?displayCurrency=USD,MEX
424,Penang,,Malaysia,"Penang, Malaysia",35.61,8.97,23.01,38.83,19.27,56.4,,,,,63.81,,,https://www.numbeo.com/cost-of-living/in/Penang?displayCurrency=USD,MYS
425,Erbil,,Iraq,"Erbil (Irbil), Iraq",35.56,13.16,24.96,29.28,30.48,41.33,,,,,,,,https://www.numbeo.com/cost-of-living/in/Erbil-Irbil-Iraq?displayCurrency=USD,IRQ
426,Lodz,,Poland,"Lodz, Poland",35.52,12.3,24.53,28.73,28.73,54.91,123.55,10.16,34.86,77.02,57.91,51.22,64.27,https://www.numbeo.com/cost-of-living/in/Lodz?displayCurrency=USD,POL
427,Podgorica,,Montenegro,"Podgorica, Montenegro",35.5,10.1,23.48,30.05,26.24,40.19,,,,,52.47,,,https://www.numbeo.com/cost-of-living/in/Podgorica?displayCurrency=USD,MNE
428,Lublin,,Poland,"Lublin, Poland",35.42,12.39,24.53,28.47,30.13,51.57,,,,,,,,https://www.numbeo.com/cost-of-living/in/Lublin?displayCurrency=USD,POL
429,Suva,,Fiji,"Suva, Fiji",35.28,16.19,26.25,36.06,31.31,47.37,,,,,,,,https://www.numbeo.com/cost-of-living/in/Suva?displayCurrency=USD,FJI
430,Hanoi,,Vietnam,"Hanoi, Vietnam",35.27,12.58,24.53,35.57,18.85,27.37,93.26,20.4,28.68,79.04,61.62,57.59,89.42,https://www.numbeo.com/cost-of-living/in/Hanoi?displayCurrency=USD,VNM
431,Tuzla,,Bosnia And Herzegovina,"Tuzla, Bosnia And Herzegovina",35.18,5.57,21.17,31.11,23.3,39.04,,,,,,,,https://www.numbeo.com/cost-of-living/in/Tuzla?displayCurrency=USD,BIH
432,Lima,,Peru,"Lima, Peru",35.06,15.57,25.84,33.75,24.21,29.35,78.75,18.02,50.52,97.69,29.42,57.96,85.11,https://www.numbeo.com/cost-of-living/in/Lima?displayCurrency=USD,PER
433,Sibiu,,Romania,"Sibiu, Romania",35.04,8.79,22.62,30.17,28.3,40.04,,,,,,,,https://www.numbeo.com/cost-of-living/in/Sibiu?displayCurrency=USD,ROU
434,Kampala,,Uganda,"Kampala, Uganda",34.94,14.24,25.14,31.99,24.29,8.58,,,,,,,,https://www.numbeo.com/cost-of-living/in/Kampala?displayCurrency=USD,UGA
435,Novi Sad,,Serbia,"Novi Sad, Serbia",34.92,9.76,23.02,29.3,25.71,41.14,132.53,16.11,16.36,84.02,58.75,50.73,50.71,https://www.numbeo.com/cost-of-living/in/Novi-Sad?displayCurrency=USD,SRB
436,Marrakech,,Morocco,"Marrakech, Morocco",34.68,10.29,23.14,27.57,27.69,26.57,,,,,,,82.8,https://www.numbeo.com/cost-of-living/in/Marrakech?displayCurrency=USD,MAR
437,Skopje,,North Macedonia,"Skopje, North Macedonia",34.59,7.62,21.83,28.82,26.59,33.29,100.57,14.31,28.11,76.3,53.44,55.26,82.87,https://www.numbeo.com/cost-of-living/in/Skopje?displayCurrency=USD,MKD
438,Dhaka,,Bangladesh,"Dhaka, Bangladesh",34.53,4.89,20.5,31.47,21.66,22.45,55.02,16.56,58.41,71.29,36.19,39.71,93.72,https://www.numbeo.com/cost-of-living/in/Dhaka?displayCurrency=USD,BGD
439,Kiev,,Ukraine,"Kiev (Kyiv), Ukraine",34.34,17.31,26.29,29.24,28.82,40.02,108.5,12.53,43.03,69.95,54.15,57.38,65.21,https://www.numbeo.com/cost-of-living/in/Kiev?displayCurrency=USD,UKR
440,Dnipro,,Ukraine,"Dnipro, Ukraine",34.3,12.1,23.8,27.82,32.57,29.66,95.14,11.22,33.0,69.52,47.69,52.26,80.37,https://www.numbeo.com/cost-of-living/in/Dnipropetrovsk?displayCurrency=USD,UKR
441,Banja Luka,,Bosnia And Herzegovina,"Banja Luka, Bosnia And Herzegovina",34.2,6.97,21.32,29.76,23.53,38.68,,,,,65.59,48.59,55.62,https://www.numbeo.com/cost-of-living/in/Banja-Luka?displayCurrency=USD,BIH
442,Isfahan,,Iran,"Isfahan (Esfahan), Iran",34.0,15.56,25.28,19.49,17.47,19.52,,,,,,,,https://www.numbeo.com/cost-of-living/in/Isfahan-Esfahan-Iran?displayCurrency=USD,IRN
443,Bandung,,Indonesia,"Bandung, Indonesia",33.92,6.66,21.02,35.53,15.67,22.62,,,,,,,67.58,https://www.numbeo.com/cost-of-living/in/Bandung?displayCurrency=USD,IDN
444,Ulaanbaatar,,Mongolia,"Ulaanbaatar, Mongolia",33.9,10.04,22.61,34.01,26.89,22.95,,,,,44.58,,94.16,https://www.numbeo.com/cost-of-living/in/Ulaanbaatar?displayCurrency=USD,MNG
445,Casablanca,,Morocco,"Casablanca, Morocco",33.85,11.7,23.37,28.86,23.05,34.43,,,,,44.5,45.17,83.25,https://www.numbeo.com/cost-of-living/in/Casablanca?displayCurrency=USD,MAR
446,Buenos Aires,,Argentina,"Buenos Aires, Argentina",33.71,9.52,22.27,27.99,30.08,28.94,99.11,29.2,48.15,98.28,36.64,69.48,52.04,https://www.numbeo.com/cost-of-living/in/Buenos-Aires?displayCurrency=USD,ARG
447,Almaty,,Kazakhstan,"Almaty, Kazakhstan",33.55,14.18,24.39,29.7,33.29,33.97,83.06,11.91,38.98,58.3,35.43,47.74,78.02,https://www.numbeo.com/cost-of-living/in/Almaty?displayCurrency=USD,KAZ
448,Accra,,Ghana,"Accra, Ghana",33.51,20.97,27.58,33.05,29.79,18.47,,,,,53.22,58.16,92.7,https://www.numbeo.com/cost-of-living/in/Accra?displayCurrency=USD,GHA
449,Craiova,,Romania,"Craiova, Romania",33.21,7.62,21.1,28.43,21.49,45.83,,,,,43.55,,,https://www.numbeo.com/cost-of-living/in/Craiova?displayCurrency=USD,ROU
450,Surabaya,,Indonesia,"Surabaya, Indonesia",33.06,8.55,21.47,35.49,16.2,23.61,,,,,,,54.68,https://www.numbeo.com/cost-of-living/in/Surabaya?displayCurrency=USD,IDN
451,Odessa,,Ukraine,"Odessa (Odesa), Ukraine",32.96,9.42,21.82,29.44,27.77,30.96,107.86,11.56,36.72,79.0,46.86,50.94,62.3,https://www.numbeo.com/cost-of-living/in/Odesa?displayCurrency=USD,UKR
452,Rabat,,Morocco,"Rabat, Morocco",32.93,12.45,23.24,29.74,24.27,30.41,,,,,62.29,51.33,,https://www.numbeo.com/cost-of-living/in/Rabat?displayCurrency=USD,MAR
453,Batumi,,Georgia,"Batumi, Ajara, Georgia",32.25,12.79,23.04,31.5,27.24,26.18,,,,,,,,https://www.numbeo.com/cost-of-living/in/Batumi?displayCurrency=USD,GEO
454,Baghdad,,Iraq,"Baghdad, Iraq",32.18,11.1,22.21,27.26,25.51,36.35,,,,,41.37,34.25,,https://www.numbeo.com/cost-of-living/in/Baghdad?displayCurrency=USD,IRQ
455,Astana,,Kazakhstan,"Astana (Nur-Sultan), Kazakhstan",31.9,11.92,22.45,29.6,28.49,40.5,,,,,66.87,67.28,51.01,https://www.numbeo.com/cost-of-living/in/Astana-Nur-Sultan-Kazakhstan?displayCurrency=USD,KAZ
456,Tangier,,Morocco,"Tangier, Morocco",31.79,8.79,20.91,30.1,21.96,30.93,,,,,,,,https://www.numbeo.com/cost-of-living/in/Tangier?displayCurrency=USD,MAR
457,Nis,,Serbia,"Nis, Serbia",31.72,6.36,19.72,25.06,24.97,43.16,,,,,,,,https://www.numbeo.com/cost-of-living/in/Nis?displayCurrency=USD,SRB
458,Kigali,,Rwanda,"Kigali, Rwanda",31.5,14.81,23.6,27.3,26.68,25.63,,,,,75.42,,,https://www.numbeo.com/cost-of-living/in/Kigali?displayCurrency=USD,RWA
459,Dar es Salaam,,Tanzania,"Dar es Salaam, Tanzania",31.39,13.5,22.92,28.83,20.86,14.76,,,,,40.1,,,https://www.numbeo.com/cost-of-living/in/Dar-Es-Salaam?displayCurrency=USD,TZA
460,Kharkiv,,Ukraine,"Kharkiv, Ukraine",31.33,10.87,21.65,26.24,24.92,33.07,107.53,12.27,38.18,65.35,51.25,48.24,57.0,https://www.numbeo.com/cost-of-living/in/Kharkiv?displayCurrency=USD,UKR
461,Istanbul,,Turkey,"Istanbul, Turkey",31.25,10.79,21.57,26.63,20.05,24.88,99.35,20.48,51.98,93.02,52.41,69.23,68.87,https://www.numbeo.com/cost-of-living/in/Istanbul?displayCurrency=USD,TUR
462,Chisinau,,Moldova,"Chisinau, Moldova",31.09,9.11,20.69,25.57,23.92,34.37,117.27,10.06,27.53,76.91,54.87,50.11,63.99,https://www.numbeo.com/cost-of-living/in/Chisinau?displayCurrency=USD,MDA
463,Tehran,,Iran,"Tehran, Iran",30.96,21.73,26.59,21.75,21.85,15.35,53.82,35.45,52.86,70.99,44.22,52.6,81.24,https://www.numbeo.com/cost-of-living/in/Tehran?displayCurrency=USD,IRN
464,Baku,,Azerbaijan,"Baku, Azerbaijan",30.82,8.09,20.07,27.02,28.14,28.02,107.34,15.59,37.89,91.4,69.64,46.23,75.04,https://www.numbeo.com/cost-of-living/in/Baku?displayCurrency=USD,AZE
465,Agadir,,Morocco,"Agadir, Morocco",30.72,5.76,18.91,26.83,27.13,30.23,,,,,,,,https://www.numbeo.com/cost-of-living/in/Agadir?displayCurrency=USD,MAR
466,Damascus,,Syria,"Damascus, Syria",30.72,8.89,20.39,31.64,20.91,3.51,,,,,32.06,,,https://www.numbeo.com/cost-of-living/in/Damascus?displayCurrency=USD,SYR
467,Medellin,,Colombia,"Medellin, Colombia",30.5,9.7,20.66,27.7,23.8,31.4,121.59,14.43,38.83,99.76,47.17,76.56,62.64,https://www.numbeo.com/cost-of-living/in/Medellin?displayCurrency=USD,COL
468,Asuncion,,Paraguay,"Asuncion, Paraguay",30.29,11.08,21.2,24.99,24.38,25.46,,,,,50.33,64.35,,https://www.numbeo.com/cost-of-living/in/Asuncion?displayCurrency=USD,PRY
469,Izmir,,Turkey,"Izmir, Turkey",29.91,6.12,18.66,25.06,17.97,26.98,131.84,12.41,40.15,96.88,69.0,72.7,59.04,https://www.numbeo.com/cost-of-living/in/Izmir?displayCurrency=USD,TUR
470,Lviv,,Ukraine,"Lviv, Ukraine",29.9,11.71,21.3,26.76,24.47,40.58,130.64,10.56,32.94,69.61,61.13,60.6,50.52,https://www.numbeo.com/cost-of-living/in/Lviv?displayCurrency=USD,UKR
471,Kathmandu,,Nepal,"Kathmandu, Nepal",29.49,5.0,17.91,27.0,23.09,18.24,77.7,29.45,36.87,92.64,62.83,56.48,95.47,https://www.numbeo.com/cost-of-living/in/Kathmandu?displayCurrency=USD,NPL
472,Antalya,,Turkey,"Antalya, Turkey",29.4,11.16,20.77,22.61,17.58,23.81,,,,,73.18,76.7,41.07,https://www.numbeo.com/cost-of-living/in/Antalya?displayCurrency=USD,TUR
473,Tunis,,Tunisia,"Tunis, Tunisia",29.28,6.82,18.66,27.19,15.86,23.03,,,,,52.86,55.71,70.34,https://www.numbeo.com/cost-of-living/in/Tunis?displayCurrency=USD,TUN
474,Tashkent,,Uzbekistan,"Tashkent, Uzbekistan",29.0,11.7,20.82,27.35,25.44,24.81,,,,,67.37,,,https://www.numbeo.com/cost-of-living/in/Tashkent?displayCurrency=USD,UZB
475,Algiers,,Algeria,"Algiers, Algeria",28.98,6.05,18.13,29.66,18.24,21.82,,,,,46.26,54.89,69.91,https://www.numbeo.com/cost-of-living/in/Algiers?displayCurrency=USD,DZA
476,Ankara,,Turkey,"Ankara, Turkey",28.9,5.1,17.64,25.12,17.9,30.68,126.48,9.14,36.44,91.49,60.58,68.62,65.66,https://www.numbeo.com/cost-of-living/in/Ankara?displayCurrency=USD,TUR
477,Barranquilla,,Colombia,"Barranquilla, Colombia",28.67,7.6,18.7,26.91,19.96,29.9,,,,,,,,https://www.numbeo.com/cost-of-living/in/Barranquilla?displayCurrency=USD,COL
478,Bogota,,Colombia,"Bogota, Colombia",28.59,11.62,20.56,26.59,20.43,26.14,88.18,22.35,52.23,97.12,34.68,64.89,70.27,https://www.numbeo.com/cost-of-living/in/Bogota?displayCurrency=USD,COL
479,Giza,,Egypt,"Giza, Egypt",28.59,4.08,17.0,25.46,27.44,22.43,,,,,,,,https://www.numbeo.com/cost-of-living/in/Giza?displayCurrency=USD,EGY
480,Cairo,,Egypt,"Cairo, Egypt",28.51,6.6,18.15,26.08,25.02,23.0,82.61,10.5,50.12,88.45,50.65,45.14,91.43,https://www.numbeo.com/cost-of-living/in/Cairo-Egypt?displayCurrency=USD,EGY
481,Mashhad,,Iran,"Mashhad, Iran",28.51,14.74,21.99,19.45,23.61,22.74,,,,,,,,https://www.numbeo.com/cost-of-living/in/Mashhad?displayCurrency=USD,IRN
482,Mumbai,,India,"Mumbai, India",28.04,18.73,23.64,28.71,24.01,56.96,86.96,26.81,54.59,71.48,54.7,64.68,83.95,https://www.numbeo.com/cost-of-living/in/Mumbai?displayCurrency=USD,IND
483,Minsk,,Belarus,"Minsk, Belarus",27.8,10.54,19.63,25.19,28.68,29.52,106.87,20.43,29.88,64.37,41.28,47.06,41.57,https://www.numbeo.com/cost-of-living/in/Minsk?displayCurrency=USD,BLR
484,Bishkek,,Kyrgyzstan,"Bishkek, Kyrgyzstan",27.72,7.41,18.11,25.73,23.71,22.0,,,,,,,73.45,https://www.numbeo.com/cost-of-living/in/Bishkek?displayCurrency=USD,KGZ
485,Cali,,Colombia,"Cali, Colombia",27.68,6.52,17.67,25.86,17.78,30.19,,,,,30.85,,,https://www.numbeo.com/cost-of-living/in/Cali?displayCurrency=USD,COL
486,Alexandria,,Egypt,"Alexandria, Egypt",27.31,5.78,17.12,25.21,25.61,20.75,,,,,60.45,47.1,73.92,https://www.numbeo.com/cost-of-living/in/Alexandria?displayCurrency=USD,EGY
487,Pristina,,Kosovo (Disputed Territory),"Pristina, Kosovo (Disputed Territory)",26.9,8.61,18.25,24.17,21.07,39.22,,,,,,,,https://www.numbeo.com/cost-of-living/in/Pristina?displayCurrency=USD,XKX
488,Delhi,,India,"Delhi, India",26.43,8.02,17.72,26.13,21.42,49.92,74.51,20.04,57.42,58.9,40.73,65.73,90.52,https://www.numbeo.com/cost-of-living/in/Delhi?displayCurrency=USD,IND
489,Sousse,,Tunisia,"Sousse, Tunisia",26.42,4.54,16.07,24.95,15.55,28.37,,,,,,,,https://www.numbeo.com/cost-of-living/in/Sousse?displayCurrency=USD,TUN
490,Oran,,Algeria,"Oran, Algeria",25.37,4.94,15.7,26.45,13.28,20.6,,,,,,,,https://www.numbeo.com/cost-of-living/in/Oran-Algeria?displayCurrency=USD,DZA
491,Bucaramanga,,Colombia,"Bucaramanga, Colombia",23.9,5.9,15.39,19.8,16.01,25.75,,,,,,,,https://www.numbeo.com/cost-of-living/in/Bucaramanga?displayCurrency=USD,COL
492,Colombo,,Sri Lanka,"Colombo, Sri Lanka",21.22,8.13,15.02,26.43,11.3,16.94,72.78,38.64,61.76,59.11,58.73,72.13,60.41,https://www.numbeo.com/cost-of-living/in/Colombo?displayCurrency=USD,LKA
493,Lahore,,Pakistan,"Lahore, Pakistan",19.54,3.77,12.08,16.48,14.44,22.19,103.22,14.04,33.94,67.56,64.65,62.52,78.82,https://www.numbeo.com/cost-of-living/in/Lahore?displayCurrency=USD,PAK
494,Islamabad,,Pakistan,"Islamabad, Pakistan",19.48,5.13,12.69,16.99,16.12,28.43,139.37,11.49,34.93,76.91,70.7,64.23,41.65,https://www.numbeo.com/cost-of-living/in/Islamabad?displayCurrency=USD,PAK
495,Karachi,,Pakistan,"Karachi, Pakistan",19.21,4.16,12.09,17.05,12.74,24.87,81.49,15.46,41.48,71.32,45.97,57.09,89.89,https://www.numbeo.com/cost-of-living/in/Karachi?displayCurrency=USD,PAK
496,Rawalpindi,,Pakistan,"Rawalpindi, Pakistan",18.13,3.28,11.1,16.39,13.63,27.54,,,,,51.9,,,https://www.numbeo.com/cost-of-living/in/Rawalpindi?displayCurrency=USD,PAK
497,Peshawar,,Pakistan,"Peshawar, Pakistan",16.26,1.92,9.48,15.09,8.64,26.16,,,,,,,71.76,https://www.numbeo.com/cost-of-living/in/Peshawar?displayCurrency=USD,PAK
